date,Prieta_pool0
2006-06-28,0.009925
2006-06-29,0.111072917
2006-06-30,0.047895833
2006-07-01,0.159375
2006-07-02,0.047364583
2006-07-03,0.045072917
2006-07-04,0.013166667
2006-07-05,0.009708333
2006-07-06,0.009
2006-07-07,0.010552083
2006-07-08,0.136020833
2006-07-09,0.10915625
2006-07-10,0.278770833
2006-07-11,0.034052083
2006-07-12,0.021135417
2006-07-13,0.016197917
2006-07-14,0.01478125
2006-07-15,0.10353125
2006-07-16,0.0155
2006-07-17,0.011114583
2006-07-18,0.009979167
2006-07-19,0.014333333
2006-07-20,0.010114583
2006-07-21,0.009
2006-07-22,0.009
2006-07-23,0.009
2006-07-24,0.009
2006-07-25,0.009958333
2006-07-26,0.011635417
2006-07-27,0.048979167
2006-07-28,0.01884375
2006-07-29,0.054583333
2006-07-30,0.241989583
2006-07-31,0.01828125
2006-08-01,0.01146875
2006-08-02,0.015541667
2006-08-03,0.050489583
2006-08-04,0.014489583
2006-08-05,0.020083333
2006-08-06,0.030822917
2006-08-07,0.044177083
2006-08-08,0.081239583
2006-08-09,0.03553125
2006-08-10,0.024104167
2006-08-11,0.044197917
2006-08-12,0.013145833
2006-08-13,0.010520833
2006-08-14,0.009583333
2006-08-15,0.0155
2006-08-16,0.057229167
2006-08-17,0.016833333
2006-08-18,0.031364583
2006-08-19,0.019979167
2006-08-20,0.0136875
2006-08-21,0.009645833
2006-08-22,0.009058824
2006-08-24,0.009177419
2006-08-25,0.018333333
2006-08-26,0.118958333
2006-08-27,0.020885417
2006-08-28,0.01196875
2006-08-29,0.010197917
2006-08-30,0.009447917
2006-08-31,0.00925
2006-09-01,0.009166667
2006-09-02,0.009010417
2006-09-03,0.012958333
2006-09-04,0.03975
2006-09-05,0.10228125
2006-09-06,0.074072917
2006-09-07,0.0529375
2006-09-08,0.01625
2006-09-09,0.012333333
2006-09-10,0.010635417
2006-09-11,0.038416667
2006-09-12,0.01446875
2006-09-13,0.010177083
2006-09-14,0.01853125
2006-09-15,0.011520833
2006-09-16,0.009
2006-09-17,0.009
2006-09-18,0.009010417
2006-09-19,0.009020833
2006-09-20,0.009041667
2006-09-21,0.009020833
2006-09-22,0.009166667
2006-09-23,0.01015625
2006-09-24,0.009083333
2006-09-25,0.142166667
2006-09-26,0.01375
2006-09-27,0.0095
2006-09-28,0.012697917
2006-09-29,0.009625
2006-09-30,0.009
2006-10-01,0.010010417
2006-10-02,0.016270833
2006-10-03,0.012354167
2006-10-04,0.009854167
2006-10-05,0.01521875
2006-10-06,0.010020833
2006-10-07,0.00984375
2006-10-08,0.009
2006-10-09,0.03034375
2006-10-10,0.06571875
2006-10-11,0.1245
2006-10-12,0.107010417
2006-10-13,0.028177083
2006-10-14,0.025583333
2006-10-15,0.010447917
2006-10-16,0.010052083
2006-10-17,0.00946875
2006-10-18,0.009
2006-10-19,0.015333333
2006-10-20,0.01
2006-10-21,0.009
2006-10-22,0.009010417
2006-10-23,0.009114583
2006-10-24,0.009427083
2006-10-25,0.009864583
2006-10-26,0.009822917
2006-10-27,0.00921875
2006-10-28,0.012333333
2006-10-29,0.009385417
2006-10-30,0.011791667
2006-10-31,0.012208333
2006-11-01,0.0095625
2006-11-02,0.00903125
2006-11-03,0.014552083
2006-11-04,0.009166667
2006-11-05,0.009697917
2006-11-06,0.010520833
2006-11-07,0.011041667
2006-11-08,0.0114375
2006-11-09,0.012229167
2006-11-10,0.012427083
2006-11-11,0.01209375
2006-11-12,0.011260417
2006-11-13,0.009854167
2006-11-14,0.009708333
2006-11-15,0.0120625
2006-11-16,0.012541667
2006-11-17,0.012822917
2006-11-18,0.01440625
2006-11-19,0.0160625
2006-11-20,0.016791667
2006-11-21,0.014260417
2006-11-22,0.013510417
2006-11-23,0.010333333
2006-11-24,0.012052083
2006-11-25,0.012770833
2006-11-26,0.016166667
2006-11-27,0.178072917
2006-11-28,0.04528125
2006-11-29,0.078427083
2006-11-30,0.01884375
2006-12-01,0.202572917
2006-12-02,0.05009375
2006-12-03,0.020166667
2006-12-04,0.018802083
2006-12-05,0.122197917
2006-12-06,0.204135417
2006-12-07,0.028635417
2006-12-08,0.016739583
2006-12-09,0.01534375
2006-12-10,0.012635417
2006-12-11,0.012197917
2006-12-12,0.01290625
2006-12-13,0.010947917
2006-12-14,0.010229167
2006-12-15,0.009322917
2006-12-16,0.009708333
2006-12-17,0.091104167
2006-12-18,0.014020833
2006-12-19,0.009677083
2006-12-20,0.009
2006-12-21,0.009
2006-12-22,0.0101875
2006-12-23,0.012302083
2006-12-24,0.009052083
2006-12-25,0.009
2006-12-26,0.00921875
2006-12-27,0.009
2006-12-28,0.010395833
2006-12-29,0.01865625
2006-12-30,0.037729167
2006-12-31,0.02340625
2007-01-01,0.0519375
2007-01-02,0.010583333
2007-01-03,0.010197917
2007-01-04,0.012208333
2007-01-05,0.010458333
2007-01-06,0.009
2007-01-07,0.010177083
2007-01-08,0.011666667
2007-01-09,0.009
2007-01-10,0.009104167
2007-01-11,0.009510417
2007-01-12,0.0095
2007-01-13,0.0215625
2007-01-14,0.027010417
2007-01-15,0.013427083
2007-01-16,0.012302083
2007-01-17,0.009
2007-01-18,0.027197917
2007-01-19,0.0160625
2007-01-20,0.041260417
2007-01-21,0.009375
2007-01-22,0.009
2007-01-23,0.009
2007-01-24,0.009208333
2007-01-25,0.009760417
2007-01-26,0.010083333
2007-01-27,0.010229167
2007-01-28,0.010854167
2007-01-29,0.011333333
2007-01-30,0.012041667
2007-01-31,0.013322917
2007-02-01,0.013614583
2007-02-02,0.01146875
2007-02-03,0.011333333
2007-02-04,0.01221875
2007-02-05,0.011
2007-02-06,0.0114375
2007-02-07,0.013947917
2007-02-08,0.014181818
2007-03-27,0.012459016
2007-03-28,0.233260417
2007-03-29,0.028416667
2007-03-30,0.0585
2007-03-31,0.009947917
2007-04-01,0.009479167
2007-04-02,0.010979167
2007-04-03,0.012333333
2007-04-04,0.018489583
2007-04-05,0.009979167
2007-04-06,0.012541667
2007-04-07,0.014177083
2007-04-08,0.014791667
2007-04-09,0.016177083
2007-04-10,0.016416667
2007-04-11,0.017520833
2007-04-12,0.0185625
2007-04-13,0.017947917
2007-04-14,0.0195
2007-04-15,0.019927083
2007-04-16,0.018145833
2007-04-17,0.017572917
2007-04-18,0.0115
2007-04-19,0.014645833
2007-04-20,0.016833333
2007-04-21,0.0134375
2007-04-22,0.125177083
2007-04-23,0.23328125
2007-04-24,0.28346875
2007-04-25,0.065479167
2007-04-26,0.21065625
2007-04-27,0.05509375
2007-04-28,0.018572917
2007-04-29,0.011697917
2007-04-30,0.104739583
2007-05-01,0.133791667
2007-05-02,0.03915625
2007-05-03,0.027020833
2007-05-04,0.012635417
2007-05-05,0.010416667
2007-05-06,0.009395833
2007-05-07,0.009
2007-05-08,0.009
2007-05-09,0.009
2007-05-10,0.009010417
2007-05-11,0.009145833
2007-05-12,0.009729167
2007-05-13,0.010395833
2007-05-14,0.010802083
2007-05-15,0.011083333
2007-05-16,0.012010417
2007-05-17,0.011927083
2007-05-18,0.012364583
2007-05-19,0.01271875
2007-05-20,0.01253125
2007-05-21,0.012833333
2007-05-22,0.01240625
2007-05-23,0.013135417
2007-05-24,0.01190625
2007-05-25,0.012447917
2007-05-26,0.014166667
2007-05-27,0.014510417
2007-05-28,0.012989583
2007-05-29,0.01465625
2007-05-30,0.015916667
2007-05-31,0.01196875
2007-06-01,0.01340625
2007-06-02,0.009864583
2007-06-03,0.013239583
2007-06-04,0.015677083
2007-06-05,0.017708333
2007-06-06,0.018239583
2007-06-07,0.015864583
2007-06-08,0.095010417
2007-06-09,0.01378125
2007-06-10,0.010354167
2007-06-11,0.01071875
2007-06-12,0.011385417
2007-06-13,0.011635417
2007-06-14,0.015302083
2007-06-15,0.017666667
2007-06-16,0.018333333
2007-06-17,0.012291667
2007-06-18,0.014270833
2007-06-19,0.017645833
2007-06-20,0.010833333
2007-06-21,0.015635417
2007-06-22,0.01953125
2007-06-23,0.019677083
2007-06-24,0.0194375
2007-06-25,0.018416667
2007-06-26,0.018395833
2007-06-27,0.014958333
2007-06-28,0.02734375
2007-06-29,0.011427083
2007-06-30,0.01621875
2007-07-01,0.01765625
2007-07-02,0.019614583
2007-07-03,0.020885417
2007-07-04,0.019885417
2007-07-05,0.019791667
2007-07-06,0.025229167
2007-07-07,0.0173125
2007-07-08,0.01665625
2007-07-09,0.0214375
2007-07-10,0.020875
2007-07-11,0.01628125
2007-07-12,0.016135417
2007-07-13,0.021375
2007-07-14,0.021291667
2007-07-15,0.014614583
2007-07-16,0.025427083
2007-07-17,0.149885417
2007-07-18,0.012854167
2007-07-19,0.056552083
2007-07-20,0.011489583
2007-07-21,0.009427083
2007-07-22,0.01984375
2007-07-23,0.014572917
2007-07-24,0.00984375
2007-07-25,0.01134375
2007-07-26,0.011625
2007-08-04,0.010355556
2007-08-05,0.009854167
2007-08-06,0.009447917
2007-08-07,0.009385417
2007-08-08,0.011583333
2007-08-09,0.00915625
2007-08-10,0.0090625
2007-08-11,0.00903125
2007-08-12,0.009989583
2007-08-13,0.010052083
2007-08-14,0.010052083
2007-08-15,0.01040625
2007-08-16,0.01025
2007-08-17,0.01015625
2007-08-18,0.01015625
2007-08-19,0.009
2007-08-20,0.009447917
2007-08-21,0.009072917
2007-08-22,0.009197917
2007-08-23,0.009916667
2007-08-24,0.010322917
2007-08-25,0.00909375
2007-08-26,0.009291667
2007-08-27,0.009958333
2007-08-28,0.0099375
2007-08-29,0.0099375
2007-08-30,0.010208333
2007-08-31,0.00925
2007-09-01,0.00975
2007-09-02,0.009864583
2007-09-03,0.009260417
2007-09-04,0.009822917
2007-09-05,0.01021875
2007-09-06,0.010645833
2007-09-07,0.010958333
2007-09-08,0.01046875
2007-09-09,0.01078125
2007-09-10,0.010958333
2007-09-11,0.010666667
2007-09-12,0.011239583
2007-09-13,0.010979167
2007-09-14,0.0104375
2007-09-15,0.011458333
2007-09-16,0.009125
2007-09-17,0.009635417
2007-09-18,0.010416667
2007-09-19,0.010989583
2007-09-20,0.01034375
2007-09-21,0.0106875
2007-09-22,0.0101875
2007-09-23,0.010333333
2007-09-24,0.0095625
2007-09-25,0.01003125
2007-09-26,0.009520833
2007-09-27,0.010354167
2007-09-28,0.01746875
2007-09-29,0.009
2007-09-30,0.009833333
2007-10-01,0.011645833
2007-10-02,0.0090625
2007-10-03,0.00975
2007-10-04,0.00953125
2007-10-05,0.009083333
2007-10-06,0.009645833
2007-10-07,0.01
2007-10-08,0.01
2007-10-09,0.010020833
2007-10-10,0.010270833
2007-10-11,0.009875
2007-10-12,0.0101875
2007-10-13,0.010364583
2007-10-14,0.009822917
2007-10-15,0.010697917
2007-10-16,0.01096875
2007-10-17,0.011
2007-10-18,0.011
2007-10-19,0.011010417
2007-10-20,0.011020833
2007-10-21,0.010885417
2007-10-22,0.011
2007-10-23,0.009958333
2007-10-24,0.009885417
2007-10-25,0.009635417
2007-10-26,0.011760417
2007-10-27,0.017916667
2007-10-28,0.026635417
2007-10-29,0.015354167
2007-10-30,0.01025
2007-10-31,0.009
2007-11-01,0.009
2007-11-02,0.009
2007-11-03,0.009020833
2007-11-04,0.009104167
2007-11-05,0.0095625
2007-11-06,0.009979167
2007-11-07,0.01
2007-11-08,0.01
2007-11-09,0.01
2007-11-10,0.010010417
2007-11-11,0.010145833
2007-11-12,0.010125
2007-11-13,0.012270833
2007-11-14,0.009479167
2007-11-15,0.01
2007-11-16,0.01
2007-11-17,0.010083333
2007-11-18,0.010395833
2007-11-19,0.00928125
2007-11-20,0.009760417
2007-11-21,0.009510417
2007-11-22,0.015333333
2007-11-23,0.009010417
2007-11-24,0.009
2007-11-25,0.009208333
2007-11-26,0.00940625
2007-11-27,0.009989583
2007-11-28,0.009895833
2007-11-29,0.009
2007-11-30,0.010020833
2007-12-01,0.01409375
2007-12-02,0.01703125
2007-12-03,0.009072917
2007-12-04,0.009
2007-12-05,0.009229167
2007-12-06,0.009
2007-12-07,0.009
2007-12-08,0.009416667
2007-12-09,0.010270833
2007-12-10,0.013489583
2007-12-11,0.03671875
2007-12-12,0.016333333
2007-12-13,0.009916667
2007-12-14,0.014177083
2007-12-15,0.015104167
2007-12-16,0.009114583
2007-12-17,0.009
2007-12-18,0.009
2007-12-19,0.009
2007-12-20,0.009
2007-12-21,0.009
2007-12-22,0.009
2007-12-23,0.009
2007-12-24,0.009
2007-12-25,0.009
2007-12-26,0.009
2007-12-27,0.01084375
2007-12-28,0.011010417
2007-12-29,0.009
2007-12-30,0.009
2007-12-31,0.009
2008-01-01,0.009
2008-01-02,0.009010417
2008-01-03,0.009
2008-01-04,0.009520833
2008-01-05,0.012125
2008-01-06,0.014739583
2008-01-07,0.009135417
2008-01-08,0.009
2008-01-09,0.009
2008-01-10,0.017322917
2008-01-11,0.009395833
2008-01-12,0.009
2008-01-30,0.009
2008-01-31,0.009
2008-02-01,0.009510417
2008-02-02,0.009
2008-02-03,0.011666667
2008-02-04,0.013
2008-02-05,0.009010417
2008-02-06,0.0296875
2008-02-07,0.019479167
2008-02-08,0.029510417
2008-02-09,0.01421875
2008-02-10,0.0090625
2008-02-11,0.009
2008-02-12,0.009
2008-02-13,0.009010417
2008-02-14,0.011
2008-02-15,0.009072917
2008-02-16,0.00903125
2008-02-17,0.017020833
2008-02-18,0.01115625
2008-02-19,0.0095
2008-02-20,0.01
2008-02-21,0.037083333
2008-02-22,0.014
2008-02-23,0.009
2008-02-24,0.009
2008-02-25,0.009020833
2008-02-26,0.009145833
2008-02-27,0.009125
2008-02-28,0.009541667
2008-02-29,0.015625
2008-03-01,0.009239583
2008-03-02,0.009947917
2008-03-03,0.039041667
2008-03-04,0.009375
2008-03-05,0.00978125
2008-03-06,0.009708333
2008-03-07,0.014510417
2008-03-08,0.009010417
2008-03-09,0.0090625
2008-03-10,0.009041667
2008-03-11,0.009041667
2008-03-12,0.010177083
2008-03-13,0.010552083
2008-03-14,0.011104167
2008-03-15,0.011697917
2008-03-16,0.011625
2008-03-17,0.01025
2008-03-18,0.013364583
2008-03-19,0.00965625
2008-03-20,0.010104167
2008-03-21,0.01371875
2008-03-22,0.009510417
2008-03-23,0.009333333
2008-03-24,0.010114583
2008-03-25,0.0105625
2008-03-26,0.010197917
2008-03-27,0.01134375
2008-03-28,0.010333333
2008-03-29,0.01290625
2008-03-30,0.01359375
2008-03-31,0.013520833
2008-04-01,0.012239583
2008-04-02,0.077072917
2008-04-03,0.23965625
2008-04-04,0.038885417
2008-04-05,0.010197917
2008-04-06,0.014802083
2008-04-07,0.011385417
2008-04-08,0.02021875
2008-04-09,0.02153125
2008-04-10,0.009010417
2008-04-11,0.0094375
2008-04-12,0.010114583
2008-04-13,0.010510417
2008-04-14,0.010197917
2008-04-15,0.009364583
2008-04-16,0.010625
2008-04-17,0.010895833
2008-04-18,0.01165625
2008-04-19,0.01203125
2008-04-20,0.012510417
2008-04-21,0.013145833
2008-04-22,0.011416667
2008-04-23,0.013104167
2008-04-24,0.0136875
2008-04-25,0.021489583
2008-04-26,0.010541667
2008-04-27,0.04475
2008-04-28,0.086885417
2008-04-29,0.0114375
2008-04-30,0.009572917
2008-05-01,0.009947917
2008-05-02,0.01025
2008-05-03,0.009895833
2008-05-04,0.009895833
2008-05-05,0.010479167
2008-05-06,0.01159375
2008-05-07,0.012072917
2008-05-08,0.0125
2008-05-09,0.013010417
2008-05-10,0.013427083
2008-05-11,0.013947917
2008-05-12,0.01371875
2008-05-13,0.01434375
2008-05-14,0.015208333
2008-05-15,0.015072917
2008-05-16,0.014291667
2008-05-17,0.0153125
2008-05-18,0.015802083
2008-05-19,0.016020833
2008-05-20,0.016427083
2008-05-21,0.016416667
2008-05-22,0.015791667
2008-05-23,0.013354167
2008-05-24,0.014041667
2008-05-25,0.015385417
2008-05-26,0.016489583
2008-05-27,0.01503125
2008-05-28,0.018541667
2008-05-29,0.0124375
2008-05-30,0.017114583
2008-05-31,0.0158125
2008-06-01,0.01215625
2008-06-02,0.014041667
2008-06-03,0.062125
2008-06-04,0.036895833
2008-06-05,0.0331875
2008-06-06,0.010458333
2008-06-07,0.013635417
2008-06-08,0.016302083
2008-06-09,0.017541667
2008-06-10,0.018322917
2008-06-11,0.0175625
2008-06-12,0.01759375
2008-06-13,0.012458333
2008-06-14,0.013635417
2008-06-15,0.014354167
2008-06-16,0.019958333
2008-06-17,0.019458333
2008-06-18,0.018885417
2008-06-19,0.019083333
2008-06-20,0.017
2008-06-21,0.0166875
2008-06-22,0.01728125
2008-06-23,0.021114583
2008-06-24,0.0116875
2008-06-25,0.018822917
2008-06-26,0.017572917
2008-06-27,0.015947917
2008-06-28,0.017364583
2008-06-29,0.012041667
2008-06-30,0.014052083
2008-07-01,0.017020833
2008-07-02,0.0103125
2008-07-03,0.01421875
2008-07-04,0.01634375
2008-07-05,0.03634375
2008-07-06,0.010052083
2008-07-07,0.0158125
2008-07-08,0.017791667
2008-07-09,0.013447917
2008-07-10,0.024833333
2008-07-11,0.011385417
2008-07-12,0.013020833
2008-07-13,0.015729167
2008-07-14,0.018072917
2008-07-15,0.01175
2008-07-16,0.011177083
2008-07-17,0.012927083
2008-07-18,0.011572917
2008-07-19,0.014510417
2008-07-20,0.017166667
2008-07-21,0.017572917
2008-07-22,0.018822917
2008-07-23,0.01896875
2008-07-24,0.0166875
2008-07-25,0.017322917
2008-07-26,0.02065625
2008-07-27,0.022239583
2008-07-28,0.0225625
2008-07-29,0.022770833
2008-07-30,0.020385417
2008-07-31,0.027364583
2008-08-01,0.168447917
2008-08-02,0.06165625
2008-08-03,0.015489583
2008-08-04,0.009604167
2008-08-05,0.01025
2008-08-06,0.01125
2008-08-07,0.01353125
2008-08-08,0.014125
2008-08-09,0.012395833
2008-08-10,0.014583333
2008-08-11,0.015927083
2008-08-12,0.017416667
2008-08-13,0.017927083
2008-08-14,0.016020833
2008-08-15,0.092875
2008-08-16,0.012770833
2008-08-17,0.011666667
2008-08-18,0.013604167
2008-08-19,0.014989583
2008-08-20,0.01509375
2008-08-21,0.014708333
2008-08-22,0.013833333
2008-08-23,0.014104167
2008-08-24,0.016802083
2008-08-25,0.060645833
2008-08-26,0.01303125
2008-08-27,0.011072917
2008-08-28,0.011927083
2008-08-29,0.015083333
2008-08-30,0.016333333
2008-08-31,0.016177083
2008-09-01,0.013989583
2008-09-02,0.0098125
2008-09-03,0.405895833
2008-09-04,0.0305625
2008-09-05,0.020822917
2008-09-06,0.009041667
2008-09-07,0.132875
2008-09-08,0.048989583
2008-09-09,0.017114583
2008-09-10,0.01003125
2008-09-11,0.009
2008-09-12,0.019041667
2008-09-13,0.009
2008-09-14,0.013177083
2008-09-15,0.009125
2008-09-16,0.00925
2008-09-17,0.009697917
2008-09-18,0.010041667
2008-09-19,0.020020833
2008-09-20,0.024083333
2008-09-21,0.355125
2008-09-22,0.43225
2008-09-23,0.124177083
2008-09-24,0.050020833
2008-09-25,0.019645833
2008-09-26,0.015802083
2008-09-27,0.011395833
2008-09-28,0.0104375
2008-09-29,0.009270833
2008-09-30,0.009010417
2008-10-01,0.009
2008-10-02,0.009010417
2008-10-03,0.009
2008-10-04,0.009
2008-10-05,0.009
2008-10-06,0.061208333
2008-10-07,0.009791667
2008-10-08,0.0095
2008-10-09,0.009
2008-10-10,0.013375
2008-10-11,0.035510417
2008-10-12,0.067572917
2008-10-13,0.296802083
2008-10-14,0.061322917
2008-10-15,0.110375
2008-10-16,0.11471875
2008-10-17,0.022604167
2008-10-18,0.0148125
2008-10-19,0.012364583
2008-10-20,0.01065625
2008-10-21,0.009625
2008-10-22,0.009020833
2008-10-23,0.0190625
2008-10-24,0.01109375
2008-10-25,0.009
2008-10-26,0.009020833
2008-10-27,0.009
2008-10-28,0.009
2008-10-29,0.017385417
2008-10-30,0.01690625
2008-10-31,0.01309375
2008-11-01,0.014854167
2008-11-02,0.0095625
2008-11-03,0.009
2008-11-04,0.009
2008-11-05,0.009
2008-11-06,0.009208333
2008-11-07,0.009458333
2008-11-08,0.01190625
2008-11-09,0.009010417
2008-11-10,0.009229167
2008-11-11,0.009552083
2008-11-12,0.00928125
2008-11-13,0.059770833
2008-11-14,0.029989583
2008-11-15,0.028958333
2008-11-16,0.010875
2008-11-17,0.009395833
2008-11-18,0.009
2008-11-19,0.009
2008-11-20,0.009
2008-11-21,0.00903125
2008-11-22,0.011291667
2008-11-23,0.029072917
2008-11-24,0.01121875
2008-11-25,0.009020833
2008-11-26,0.00975
2008-11-27,0.01015625
2008-11-28,0.010458333
2008-11-29,0.010458333
2008-11-30,0.011083333
2008-12-01,0.055239583
2008-12-02,0.034916667
2008-12-03,0.028291667
2008-12-04,0.059270833
2008-12-05,0.0135625
2008-12-06,0.009645833
2008-12-07,0.012614583
2008-12-08,0.010260417
2008-12-09,0.009791667
2008-12-10,0.011145833
2008-12-11,0.015291667
2008-12-12,0.009010417
2008-12-13,0.033895833
2008-12-14,0.010041667
2008-12-15,0.009125
2008-12-16,0.035791667
2008-12-17,0.009322917
2008-12-18,0.009
2008-12-19,0.0091875
2008-12-20,0.038114583
2008-12-21,0.009
2008-12-22,0.009
2008-12-23,0.009052083
2008-12-24,0.0203125
2008-12-25,0.039020833
2008-12-26,0.019375
2008-12-27,0.080385417
2008-12-28,0.017875
2008-12-29,0.020333333
2008-12-30,0.025020833
2008-12-31,0.009489583
2009-01-01,0.009
2009-01-02,0.009
2009-01-03,0.010458333
2009-01-04,0.009
2009-01-05,0.009010417
2009-01-06,0.009041667
2009-01-07,0.009354167
2009-01-08,0.009166667
2009-01-09,0.009364583
2009-01-10,0.011125
2009-01-11,0.012395833
2009-01-12,0.00928125
2009-01-13,0.009354167
2009-01-14,0.009427083
2009-01-15,0.009385417
2009-01-16,0.04846875
2009-01-17,0.146322917
2009-01-18,0.012645833
2009-01-19,0.009072917
2009-01-20,0.009
2009-01-21,0.030083333
2009-01-22,0.010927083
2009-01-23,0.009229167
2009-01-24,0.009
2009-01-25,0.009208333
2009-01-26,0.009416667
2009-01-27,0.009645833
2009-01-28,0.0135
2009-01-29,0.00975
2009-01-30,0.012770833
2009-01-31,0.009020833
2009-02-01,0.009614583
2009-02-02,0.0099375
2009-02-03,0.010541667
2009-02-04,0.010447917
2009-02-05,0.010739583
2009-02-06,0.011354167
2009-02-07,0.02465625
2009-02-08,0.014364583
2009-02-09,0.015375
2009-02-10,0.066927083
2009-02-11,0.04425
2009-02-12,0.009322917
2009-02-13,0.009
2009-02-14,0.00903125
2009-02-15,0.0093125
2009-02-16,0.009729167
2009-02-17,0.0100625
2009-02-18,0.010041667
2009-02-19,0.034145833
2009-02-20,0.016479167
2009-02-21,0.00940625
2009-02-22,0.010072917
2009-02-23,0.0105625
2009-02-24,0.0108125
2009-02-25,0.011351648
2009-03-05,0.354535714
2009-03-06,0.095552083
2009-03-07,0.011760417
2009-03-08,0.00915625
2009-03-09,0.009
2009-03-10,0.009
2009-03-11,0.009291667
2009-03-12,0.009604167
2009-03-13,0.009854167
2009-03-14,0.01134375
2009-03-15,0.01371875
2009-03-16,0.027333333
2009-03-17,0.048958333
2009-03-18,0.009041667
2009-03-19,0.009072917
2009-03-20,0.009458333
2009-03-21,0.009604167
2009-03-22,0.02571875
2009-03-23,0.0426875
2009-03-24,0.030197917
2009-03-25,0.13296875
2009-03-26,0.05453125
2009-03-27,0.01234375
2009-03-28,0.00959375
2009-03-29,0.009
2009-03-30,0.009
2009-03-31,0.04346875
2009-04-01,0.013125
2009-04-02,0.009
2009-04-03,0.009
2009-04-04,0.009
2009-04-05,0.009
2009-04-06,0.009010417
2009-04-07,0.009166667
2009-04-08,0.009375
2009-04-09,0.009416667
2009-04-10,0.009114583
2009-04-11,0.0096875
2009-04-12,0.010052083
2009-04-13,0.010260417
2009-04-14,0.010020833
2009-04-15,0.00934375
2009-04-16,0.010322917
2009-04-17,0.01084375
2009-04-18,0.010572917
2009-04-19,0.017520833
2009-04-20,0.0100625
2009-04-21,0.040958333
2009-04-22,0.009541667
2009-04-23,0.010583333
2009-04-24,0.009427083
2009-04-25,0.009677083
2009-04-26,0.03134375
2009-04-27,0.009833333
2009-04-28,0.009916667
2009-04-29,0.04359375
2009-04-30,0.02478125
2009-05-01,0.009
2009-05-02,0.009791667
2009-05-03,0.009697917
2009-05-04,0.012947917
2009-05-05,0.009541667
2009-05-06,0.11865625
2009-05-07,0.128572917
2009-05-08,0.043770833
2009-05-09,0.029135417
2009-05-10,0.01578125
2009-05-11,0.010677083
2009-05-12,0.206364583
2009-05-13,0.149989583
2009-05-14,0.103270833
2009-05-15,0.102833333
2009-05-16,0.042083333
2009-05-17,0.201041667
2009-05-18,0.10103125
2009-05-19,0.063197917
2009-05-20,0.023208333
2009-05-21,0.027427083
2009-05-22,0.01909375
2009-05-23,0.0125625
2009-05-24,0.01109375
2009-05-25,0.009729167
2009-05-26,0.010614583
2009-05-27,0.0103125
2009-05-28,0.009125
2009-05-29,0.009
2009-05-30,0.009
2009-05-31,0.009
2009-06-01,0.009
2009-06-02,0.011291667
2009-06-03,0.376114583
2009-06-04,0.061083333
2009-06-05,0.0295
2009-06-06,0.014885417
2009-06-07,0.012958333
2009-06-08,0.013375
2009-06-09,0.010697917
2009-06-10,0.011197917
2009-06-11,0.0205
2009-06-12,0.012729167
2009-06-13,0.04996875
2009-06-14,0.011958333
2009-06-15,0.009197917
2009-06-16,0.0090625
2009-06-17,0.009
2009-06-18,0.009
2009-06-19,0.009
2009-06-20,0.010229167
2009-06-21,0.009
2009-06-22,0.00903125
2009-06-23,0.00909375
2009-06-24,0.009010417
2009-06-25,0.009604167
2009-06-26,0.01
2009-06-27,0.010239583
2009-06-28,0.0103125
2009-06-29,0.010239583
2009-06-30,0.009635417
2009-07-01,0.011052083
2009-07-02,0.011677083
2009-07-03,0.01065625
2009-07-04,0.010822917
2009-07-05,0.031458333
2009-07-06,0.177041667
2009-07-07,0.0094375
2009-07-08,0.0090625
2009-07-09,0.009072917
2009-07-10,0.009427083
2009-07-11,0.009770833
2009-07-12,0.0100625
2009-07-13,0.00903125
2009-07-14,0.009520833
2009-07-15,0.009645833
2009-07-16,0.010947917
2009-07-17,0.011197917
2009-07-18,0.020885417
2009-07-19,0.015114583
2009-07-20,0.043052083
2009-07-21,0.19209375
2009-07-22,0.023979167
2009-07-23,0.00921875
2009-07-24,0.009145833
2009-07-25,0.00928125
2009-07-26,0.009395833
2009-07-27,0.010239583
2009-07-28,0.00975
2009-07-29,0.009354167
2009-07-30,0.009354167
2009-07-31,0.00925
2009-08-01,0.009166667
2009-08-02,0.009166667
2009-08-03,0.00975
2009-08-04,0.015604167
2009-08-05,0.009104167
2009-08-06,0.027375
2009-08-07,0.009489583
2009-08-08,0.0106875
2009-08-09,0.00940625
2009-08-10,0.0095625
2009-08-11,0.0110625
2009-08-12,0.119666667
2009-08-13,0.163083333
2009-08-14,0.009270833
2009-08-15,0.018791667
2009-08-16,0.009395833
2009-08-17,0.1288125
2009-08-18,0.010145833
2009-08-19,0.009916667
2009-08-20,0.086166667
2009-08-21,0.009395833
2009-08-22,0.0093125
2009-08-23,0.00925
2009-08-24,0.042083333
2009-08-25,0.029395833
2009-08-26,0.009510417
2009-08-27,0.010166667
2009-08-28,0.010729167
2009-08-29,0.0596875
2009-08-30,0.010770833
2009-08-31,0.010041667
2009-09-01,0.011208333
2009-09-02,0.011041667
2009-09-03,0.009135417
2009-09-04,0.103322917
2009-09-05,0.125177083
2009-09-06,0.015010417
2009-09-07,0.01046875
2009-09-08,0.009
2009-09-09,0.009020833
2009-09-10,0.009541667
2009-09-11,0.010083333
2009-09-12,0.010510417
2009-09-13,0.011177083
2009-09-14,0.01025
2009-09-15,0.0099375
2009-09-16,0.01146875
2009-09-17,0.017479167
2009-09-18,0.0120625
2009-09-19,0.01196875
2009-09-20,0.172729167
2009-09-21,0.121666667
2009-09-22,0.02453125
2009-09-23,0.023322917
2009-09-24,0.010416667
2009-09-25,0.009
2009-09-26,0.009041667
2009-09-27,0.009552083
2009-09-28,0.010020833
2009-09-29,0.010427083
2009-09-30,0.011270833
2009-10-01,0.011114583
2009-10-02,0.014697917
2009-10-03,0.011010417
2009-10-04,0.01190625
2009-10-05,0.009864583
2009-10-06,0.012875
2009-10-07,0.0144375
2009-10-08,0.013677083
2009-10-09,0.009885417
2009-10-10,0.011375
2009-10-11,0.014177083
2009-10-12,0.093
2009-10-13,0.009479167
2009-10-14,0.013458333
2009-10-15,0.0556875
2009-10-16,0.011385417
2009-10-17,0.010010417
2009-10-18,0.01134375
2009-10-19,0.012197917
2009-10-20,0.012885417
2009-10-21,0.01384375
2009-10-22,0.014729167
2009-10-23,0.015760417
2009-10-24,0.01640625
2009-10-25,0.016489583
2009-10-26,0.016864583
2009-10-27,0.016604167
2009-10-28,0.015416667
2009-10-29,0.018197917
2009-10-30,0.018541667
2009-10-31,0.019520833
2009-11-01,0.014927083
2009-11-02,0.017177083
2009-11-03,0.018125
2009-11-04,0.218989583
2009-11-05,0.016291667
2009-11-06,0.00903125
2009-11-07,0.019729167
2009-11-08,0.060895833
2009-11-09,0.266385417
2009-11-10,0.054489583
2009-11-11,0.03259375
2009-11-12,0.013385417
2009-11-13,0.009322917
2009-11-14,0.009
2009-11-15,0.009
2009-11-16,0.055802083
2009-11-17,0.02865625
2009-11-18,0.010177083
2009-11-19,0.040083333
2009-11-20,0.0394375
2009-11-21,0.00915625
2009-11-22,0.0118125
2009-11-23,0.009
2009-11-24,0.010427083
2009-11-25,0.01625
2009-11-26,0.010447917
2009-11-27,0.009135417
2009-11-28,0.0099375
2009-11-29,0.010260417
2009-11-30,0.010447917
2009-12-01,0.010625
2009-12-02,0.010364583
2009-12-03,0.010802083
2009-12-04,0.01084375
2009-12-05,0.0105625
2009-12-06,0.01053125
2009-12-07,0.009677083
2009-12-08,0.009666667
2009-12-09,0.010666667
2009-12-10,0.02003125
2009-12-11,0.009
2009-12-12,0.013479167
2009-12-13,0.009677083
2009-12-14,0.009916667
2009-12-15,0.010822917
2009-12-16,0.01084375
2009-12-17,0.011916667
2009-12-18,0.013166667
2009-12-19,0.023395833
2009-12-20,0.011645833
2009-12-21,0.014052083
2009-12-22,0.0144375
2009-12-23,0.016757895
2009-12-24,0.017333333
2009-12-25,0.0246875
2009-12-26,0.013989583
2009-12-27,0.0168125
2009-12-28,0.018864583
2009-12-29,0.020020833
2009-12-30,0.201385417
2009-12-31,0.237927083
2010-01-01,0.110989583
2010-01-02,0.01190625
2010-01-03,0.009041667
2010-01-04,0.00903125
2010-01-05,0.009270833
2010-01-06,0.009885417
2010-01-07,0.142479167
2010-01-08,0.1335625
2010-01-09,0.0145
2010-01-10,0.00946875
2010-01-11,0.009
2010-01-12,0.009
2010-01-13,0.0090625
2010-01-14,0.627114583
2010-01-15,0.688791667
2010-01-16,0.1639375
2010-01-17,0.119729167
2010-01-18,0.118072917
2010-01-19,0.029604167
2010-01-20,0.023989583
2010-01-21,0.015927083
2010-01-22,0.048364583
2010-01-23,0.017322917
2010-01-24,0.01096875
2010-01-25,0.039760417
2010-01-26,0.014958333
2010-01-27,0.00984375
2010-01-28,0.009895833
2010-01-29,0.009
2010-01-30,0.009
2010-01-31,0.011489583
2010-02-01,0.018041667
2010-02-02,0.00971875
2010-02-03,0.009
2010-02-04,0.0090625
2010-02-05,0.009135417
2010-02-06,0.00990625
2010-02-07,0.01025
2010-02-08,0.010625
2010-02-09,0.011135417
2010-02-10,0.011791667
2010-02-11,0.011989583
2010-02-12,0.010708333
2010-02-13,0.012177083
2010-02-14,0.012666667
2010-02-15,0.0130625
2010-02-16,0.013427083
2010-02-17,0.01421875
2010-02-18,0.013760417
2010-02-19,0.0904375
2010-02-20,0.438864583
2010-02-21,0.1026875
2010-02-22,0.023635417
2010-02-23,0.0114375
2010-02-24,0.009302083
2010-02-25,0.009
2010-02-26,0.0645625
2010-02-27,0.119104167
2010-02-28,0.015791667
2010-03-01,0.010208333
2010-03-02,0.00915625
2010-03-03,0.009
2010-03-04,0.009
2010-03-05,0.033197917
2010-03-06,0.22403125
2010-03-07,0.35028125
2010-03-08,0.09378125
2010-03-09,0.02284375
2010-03-10,0.029947917
2010-03-11,0.057885417
2010-03-12,0.056020833
2010-03-13,0.016583333
2010-03-14,0.011479167
2010-03-15,0.010197917
2010-03-16,0.009447917
2010-03-17,0.00903125
2010-03-18,0.009
2010-03-19,0.009
2010-03-20,0.009
2010-03-21,0.009010417
2010-03-22,0.00928125
2010-03-23,0.0093125
2010-03-24,0.009822917
2010-03-25,0.009770833
2010-03-26,0.010010417
2010-03-27,0.01071875
2010-03-28,0.010833333
2010-03-29,0.011
2010-03-30,0.011708333
2010-03-31,0.01171875
2010-04-01,0.01246875
2010-04-02,0.011104167
2010-04-03,0.0123125
2010-04-04,0.012822917
2010-04-05,0.013260417
2010-04-06,0.010697917
2010-04-07,0.011791667
2010-04-08,0.01159375
2010-04-09,0.014552083
2010-04-10,0.016041667
2010-04-11,0.014875
2010-04-12,0.015239583
2010-04-13,0.0273125
2010-04-14,0.268614583
2010-04-15,0.1419375
2010-04-16,0.01578125
2010-04-17,0.037822917
2010-04-18,0.01159375
2010-04-19,0.009
2010-04-20,0.009010417
2010-04-21,0.009458333
2010-04-22,0.011875
2010-04-23,0.017822917
2010-04-24,0.61578125
2010-04-25,0.047416667
2010-04-26,0.020958333
2010-04-27,0.015927083
2010-04-28,0.01434375
2010-04-29,0.01228125
2010-04-30,0.011333333
2010-05-01,0.01103125
2010-05-02,0.245958333
2010-05-03,0.037416667
2010-05-04,0.063
2010-05-05,0.019135417
2010-05-06,0.011979167
2010-05-07,0.22278125
2010-05-08,0.446822917
2010-05-09,0.092489583
2010-05-10,0.037645833
2010-05-11,0.04146875
2010-05-12,0.037635417
2010-05-13,0.20184375
2010-05-14,0.108125
2010-05-15,0.13
2010-05-16,0.06440625
2010-05-17,0.252041667
2010-05-18,0.213166667
2010-05-19,0.048947917
2010-05-20,0.065760417
2010-05-21,0.029322917
2010-05-22,0.021947917
2010-05-23,0.02209375
2010-05-24,0.01859375
2010-05-25,0.038760417
2010-05-26,0.019708333
2010-05-27,0.014385417
2010-05-28,0.01628125
2010-05-29,0.032229167
2010-05-30,0.096770833
2010-05-31,0.027135417
2010-06-01,0.05496875
2010-06-02,0.015197917
2010-06-03,0.011614583
2010-06-04,0.010645833
2010-06-05,0.009979167
2010-06-06,0.009354167
2010-06-07,0.009052083
2010-06-08,0.008989583
2010-06-09,0.00878125
2010-06-10,0.0084375
2010-06-11,0.008416667
2010-06-12,0.009052083
2010-06-13,0.008864583
2010-06-14,0.008125
2010-06-15,0.008572917
2010-06-16,0.008822917
2010-06-17,0.028791667
2010-06-18,0.027322917
2010-06-19,0.271447917
2010-06-20,0.132104167
2010-06-21,0.145854167
2010-06-22,0.097395833
2010-06-23,0.085072917
2010-06-24,0.153072917
2010-06-25,0.039208333
2010-06-26,0.027229167
2010-06-27,0.019208333
2010-06-28,0.013875
2010-06-29,0.01225
2010-06-30,0.02384375
2010-07-01,0.024666667
2010-07-02,0.010864583
2010-07-03,0.00965625
2010-07-04,0.009052083
2010-07-05,0.07603125
2010-07-06,0.03925
2010-07-07,0.044614583
2010-07-08,0.010833333
2010-07-09,0.009520833
2010-07-10,0.016083333
2010-07-11,0.014989583
2010-07-12,0.011114583
2010-07-13,0.012885417
2010-07-14,0.039989583
2010-07-15,0.0589375
2010-07-16,0.267833333
2010-07-17,0.152177083
2010-07-18,0.067114583
2010-07-19,0.325989583
2010-07-20,0.371260417
2010-07-21,0.164895833
2010-07-22,0.140864583
2010-07-23,0.091041667
2010-07-24,0.048333333
2010-07-25,0.03165625
2010-07-26,0.026791667
2010-07-27,0.0554375
2010-07-28,0.040729167
2010-07-29,0.038885417
2010-07-30,0.025385417
2010-07-31,0.017427083
2010-08-01,0.013260417
2010-08-02,0.01453125
2010-08-03,0.0165
2010-08-04,0.011916667
2010-08-05,0.00975
2010-08-06,0.009114583
2010-08-07,0.008854167
2010-08-08,0.015260417
2010-08-09,0.01496875
2010-08-10,0.081791667
2010-08-11,0.1345
2010-08-12,0.017447917
2010-08-13,0.01203125
2010-08-14,0.013447917
2010-08-15,0.117364583
2010-08-16,0.019489583
2010-08-17,0.018489583
2010-08-18,0.0106875
2010-08-19,0.00921875
2010-08-20,0.009708333
2010-08-21,0.008635417
2010-08-22,0.008791667
2010-08-23,0.0105
2010-08-24,0.008625
2010-08-25,0.020052083
2010-08-26,0.009052083
2010-08-27,0.008260417
2010-08-28,0.00825
2010-08-29,0.008270833
2010-08-30,0.206958333
2010-08-31,0.050802083
2010-09-01,0.022114583
2010-09-02,0.013145833
2010-09-03,0.009239583
2010-09-04,0.00915625
2010-09-05,0.013375
2010-09-06,0.024375
2010-09-07,0.211229167
2010-09-08,0.04215625
2010-09-09,0.015458333
2010-09-10,0.014041667
2010-09-11,0.061927083
2010-09-12,0.06340625
2010-09-13,0.019666667
2010-09-14,0.0174375
2010-09-15,0.06440625
2010-09-16,0.021489583
2010-09-17,0.016447917
2010-09-18,0.011458333
2010-09-19,0.010135417
2010-09-20,0.011072917
2010-09-21,0.0100625
2010-09-22,0.008854167
2010-09-23,0.01525
2010-09-24,0.1400625
2010-09-25,0.044770833
2010-09-26,0.012479167
2010-09-27,0.0105625
2010-09-28,0.014916667
2010-09-29,0.009645833
2010-09-30,0.009239583
2010-10-01,0.032302083
2010-10-02,0.01
2010-10-03,0.019229167
2010-10-04,0.027322917
2010-10-05,0.015145833
2010-10-06,0.009083333
2010-10-07,0.025333333
2010-10-08,0.040135417
2010-10-09,0.00934375
2010-10-10,0.008479167
2010-10-11,0.008145833
2010-10-12,0.020427083
2010-10-13,0.008510417
2010-10-14,0.008208333
2010-10-15,0.008583333
2010-10-16,0.008958333
2010-10-17,0.009010417
2010-10-18,0.009083333
2010-10-19,0.00940625
2010-10-20,0.0095
2010-10-21,0.0095625
2010-10-22,0.00984375
2010-10-23,0.00925
2010-10-24,0.009479167
2010-10-25,0.009895833
2010-10-26,0.008979167
2010-10-27,0.009010417
2010-10-28,0.042604167
2010-10-29,0.009729167
2010-10-30,0.018802083
2010-10-31,0.008947917
2010-11-01,0.00884375
2010-11-02,0.009
2010-11-03,0.009802083
2010-11-04,0.015145833
2010-11-05,0.05790625
2010-11-06,0.06421875
2010-11-07,0.022510417
2010-11-08,0.05240625
2010-11-09,0.037177083
2010-11-10,0.016489583
2010-11-11,0.103416667
2010-11-12,0.070802083
2010-11-13,0.0208125
2010-11-14,0.010229167
2010-11-15,0.00896875
2010-11-16,0.008427083
2010-11-17,0.008010417
2010-11-18,0.00834375
2010-11-19,0.008802083
2010-11-20,0.009
2011-01-11,0.010145455
2011-01-12,0.011229167
2011-01-13,0.056364583
2011-01-14,0.015510417
2011-01-15,0.010052083
2011-01-16,0.009125
2011-01-17,0.009041667
2011-01-18,0.009208333
2011-01-19,0.008666667
2011-01-20,0.008322917
2011-01-21,0.008947917
2011-01-22,0.008197917
2011-01-23,0.012583333
2011-01-24,0.0081875
2011-01-25,0.008
2011-01-26,0.0081875
2011-01-27,0.008239583
2011-01-28,0.00859375
2011-01-29,0.00871875
2011-01-30,0.01328125
2011-01-31,0.008885417
2011-02-01,0.008927083
2011-02-02,0.008729167
2011-02-03,0.008958333
2011-02-04,0.008864583
2011-02-05,0.0174375
2011-02-06,0.01590625
2011-02-07,0.056322917
2011-02-08,0.012520833
2011-02-09,0.00846875
2011-02-10,0.008822917
2011-02-11,0.01271875
2011-02-12,0.00959375
2011-02-13,0.009697917
2011-02-14,0.023604167
2011-02-15,0.009479167
2011-02-16,0.011520833
2011-02-17,0.009416667
2011-02-18,0.011927083
2011-02-19,0.028322917
2011-02-20,0.017479167
2011-02-21,0.159114583
2011-02-22,0.008989583
2011-02-23,0.00921875
2011-02-24,0.010104167
2011-02-25,0.010625
2011-02-26,0.011114583
2011-02-27,0.012104167
2011-02-28,0.012854167
2011-03-01,0.013270833
2011-03-02,0.013864583
2011-03-03,0.014947917
2011-03-04,0.014385417
2011-03-05,0.012854167
2011-03-06,0.015885417
2011-03-07,0.0138125
2011-03-08,0.014354167
2011-03-09,0.01753125
2011-03-10,0.0174375
2011-03-11,0.016927083
2011-03-12,0.019291667
2011-03-13,0.019625
2011-03-14,0.0176875
2011-03-15,0.0173125
2011-03-16,0.018291667
2011-03-17,0.020416667
2011-03-18,0.021177083
2011-03-19,0.017197917
2011-03-20,0.028520833
2011-03-21,0.014322917
2011-03-22,0.011427083
2011-03-23,0.010322917
2011-03-24,0.01759375
2011-03-25,0.019375
2011-03-26,0.020572917
2011-03-27,0.02175
2011-03-28,0.022864583
2011-03-29,0.021760417
2011-03-30,0.022645833
2011-03-31,0.025395833
2011-04-01,0.02615625
2011-04-02,0.022958333
2011-04-03,0.0229375
2011-04-04,0.02234375
2011-04-05,0.019010417
2011-04-06,0.01790625
2011-04-07,0.024239583
2011-04-08,0.01634375
2011-04-09,0.023697917
2011-04-10,0.0265
2011-04-11,0.026052083
2011-04-12,0.032083333
2011-04-13,0.011052083
2011-04-14,0.022083333
2011-04-15,0.050729167
2011-04-16,0.013104167
2011-04-17,0.017729167
2011-04-18,0.021354167
2011-04-19,0.022395833
2011-04-20,0.021291667
2011-04-21,0.022479167
2011-04-22,0.02421875
2011-04-23,0.023864583
2011-04-24,0.025302083
2011-04-25,0.021208333
2011-04-26,0.051572917
2011-04-27,0.203583333
2011-04-28,0.010760417
2011-04-29,0.011208333
2011-04-30,0.012333333
2011-05-01,0.318114583
2011-05-02,0.07425
2011-05-03,0.01303125
2011-05-04,0.00840625
2011-05-05,0.008760417
2011-05-06,0.009239583
2011-05-07,0.010489583
2011-05-08,0.01128125
2011-05-09,0.012114583
2011-05-10,0.011020833
2011-05-11,0.011729167
2011-05-12,0.013291667
2011-05-13,0.011291667
2011-05-14,0.01153125
2011-05-15,0.010802083
2011-05-16,0.018802083
2011-05-17,0.082520833
2011-05-18,0.009145833
2011-05-19,0.08621875
2011-05-20,0.277229167
2011-05-21,0.0355
2011-05-22,0.009385417
2011-05-23,0.011145833
2011-05-24,0.008697917
2011-05-25,0.008541667
2011-05-26,0.008947917
2011-05-27,0.009197917
2011-05-28,0.009489583
2011-05-29,0.00990625
2011-05-30,0.01009375
2011-05-31,0.012947917
2011-06-01,0.015583333
2011-06-02,0.008927083
2011-06-03,0.009479167
2011-06-04,0.104729167
2011-06-05,0.01809375
2011-06-06,0.01553125
2011-06-07,0.013083333
2011-06-08,0.00925
2011-06-09,0.008052083
2011-06-10,0.00815625
2011-06-11,0.008270833
2011-06-12,0.0080625
2011-06-13,0.008614583
2011-06-14,0.008354167
2011-06-15,0.008197917
2011-06-16,0.037010417
2011-06-17,0.008760417
2011-06-18,0.009322917
2011-06-19,0.1069375
2011-06-20,0.052791667
2011-06-21,0.107635417
2011-06-22,0.010052083
2011-06-23,0.00834375
2011-06-24,0.00803125
2011-06-25,0.008125
2011-06-26,0.00984375
2011-06-27,0.034322917
2011-06-28,0.01015625
2011-06-29,0.008260417
2011-06-30,0.010229167
2011-07-01,0.011354167
2011-07-02,0.033885417
2011-07-03,0.02596875
2011-07-04,0.010760417
2011-07-05,0.00853125
2011-07-06,0.008739583
2011-07-07,0.066520833
2011-07-08,0.077885417
2011-07-09,0.0110625
2011-07-10,0.00909375
2011-07-11,0.012822917
2011-07-12,0.07928125
2011-07-13,0.064458333
2011-07-14,0.08709375
2011-07-15,0.015354167
2011-07-16,0.010260417
2011-07-17,0.03246875
2011-07-18,0.039260417
2011-07-19,0.043395833
2011-07-20,0.010663158
2011-07-21,0.012177083
2011-07-22,0.035604167
2011-07-23,0.040885417
2011-07-24,0.01403125
2011-07-25,0.01
2011-07-26,0.011520833
2011-07-27,0.064447917
2011-07-28,0.02084375
2011-07-29,0.03153125
2011-07-30,0.022947917
2011-07-31,0.009927083
2011-08-01,0.0095625
2011-08-02,0.1350625
2011-08-03,0.378739583
2011-08-04,0.020645833
2011-08-05,0.011239583
2011-08-06,0.008416667
2011-08-07,0.023510417
2011-08-08,0.009895833
2011-08-09,0.009552083
2011-08-10,0.031229167
2011-08-11,0.010354167
2011-08-12,0.011458333
2011-08-13,0.009760417
2011-08-14,0.010875
2011-08-15,0.013291667
2011-08-16,0.010520833
2011-08-17,0.012229167
2011-08-18,0.010395833
2011-08-19,0.036416667
2011-08-20,0.009677083
2011-08-21,0.091854167
2011-08-22,1.146864583
2011-08-23,0.4241875
2011-08-24,0.325791667
2011-08-25,0.099427083
2011-08-26,0.040354167
2011-08-27,0.027916667
2011-08-28,0.02221875
2011-08-29,0.017625
2011-08-30,0.019552083
2011-08-31,0.013770833
2011-09-01,0.013072917
2011-09-02,0.011510417
2011-09-03,0.017489583
2011-09-04,0.011333333
2011-09-05,0.01025
2011-09-06,0.017739583
2011-09-07,0.009270833
2011-09-08,0.02684375
2011-09-09,0.010697917
2011-09-10,0.00878125
2011-09-11,0.017895833
2011-09-12,0.008354167
2011-09-13,0.3128125
2011-09-14,0.063708333
2011-09-15,0.01615625
2011-09-16,0.011145833
2011-09-17,0.016229167
2011-09-18,0.019760417
2011-09-19,0.1436875
2011-09-20,0.032114583
2011-09-21,0.012260417
2011-09-22,0.111458333
2011-09-23,0.010583333
2011-09-24,0.0139375
2011-09-25,0.027395833
2011-09-26,0.0106875
2011-09-27,0.015
2011-09-28,0.016072917
2011-09-29,0.018114583
2011-09-30,0.02053125
2011-10-01,0.019020833
2011-10-02,0.02378125
2011-10-03,0.022385417
2011-10-04,0.018427083
2011-10-05,0.019197917
2011-10-06,0.023354167
2011-10-07,0.0249375
2011-10-08,0.153625
2011-10-09,0.0118125
2011-10-10,0.018083333
2011-10-11,0.02009375
2011-10-12,0.021677083
2011-10-13,0.016666667
2011-10-14,0.020541667
2011-10-15,0.022916667
2011-10-16,0.023927083
2011-10-17,0.024989583
2011-10-18,0.033125
2011-10-19,0.022875
2011-10-20,0.03034375
2011-10-21,0.023875
2011-10-22,0.027864583
2011-10-23,0.03090625
2011-10-24,0.030291667
2011-10-25,0.030302083
2011-10-26,0.030208333
2011-10-27,0.030760417
2011-10-28,0.028802083
2011-10-29,0.025479167
2011-10-30,0.033875
2011-10-31,0.020947917
2011-11-01,0.018645833
2011-11-02,0.0219375
2011-11-03,0.023302083
2011-11-04,0.01378125
2011-11-05,0.021760417
2011-11-06,0.026010417
2011-11-07,0.027541667
2011-11-08,0.026458333
2011-11-09,0.023989583
2011-11-10,0.01640625
2011-11-11,0.020708333
2011-11-12,0.027739583
2011-11-13,0.018989583
2011-11-14,0.023229167
2011-11-15,0.03953125
2011-11-16,0.011385417
2011-11-17,0.014458333
2011-11-18,0.012260417
2011-11-19,0.019770833
2011-11-20,0.021916667
2011-11-21,0.11840625
2011-11-22,0.015447917
2011-11-23,0.011291667
2011-11-24,0.012604167
2011-11-25,0.047083333
2011-11-26,0.275885417
2011-11-27,0.092447917
2011-11-28,0.038895833
2011-11-29,0.083375
2011-11-30,0.020145833
2011-12-01,0.014770833
2011-12-02,0.026885417
2011-12-03,0.040041667
2011-12-04,0.011354167
2011-12-05,0.252572917
2011-12-06,0.02828125
2011-12-07,0.068354167
2011-12-08,0.0179375
2011-12-09,0.085447917
2011-12-10,0.606645833
2011-12-11,0.19128125
2011-12-12,0.039916667
2011-12-13,0.024708333
2011-12-14,0.0195625
2011-12-15,0.125208333
2011-12-16,0.017739583
2011-12-17,0.014364583
2011-12-18,0.013416667
2011-12-19,0.012020833
2011-12-20,0.016572917
2011-12-21,0.023510417
2011-12-22,0.018239583
2011-12-23,0.01384375
2011-12-24,0.012010417
2011-12-25,0.01128125
2011-12-26,0.01440625
2011-12-27,0.010229167
2011-12-28,0.013145833
2011-12-29,0.009020833
2011-12-30,0.01940625
2011-12-31,0.025010417
2012-01-01,0.01053125
2012-01-02,0.011416667
2012-01-03,0.0115
2012-01-04,0.008833333
2012-01-05,0.017402174
2012-03-04,0.010833333
2012-03-05,0.010135417
2012-03-06,0.018270833
2012-03-07,0.03525
2012-03-08,0.009552083
2012-03-09,0.008989583
2012-03-10,0.00884375
2012-03-11,0.01040625
2012-03-12,0.008447917
2012-03-13,0.008333333
2012-03-14,0.008989583
2012-03-15,0.008833333
2012-03-16,0.025270833
2012-03-17,0.30178125
2012-03-18,1.049364583
2012-03-19,1.078177083
2012-03-20,1.059173913
2012-11-21,0.138583333
2012-11-22,0.13303125
2012-11-23,0.133229167
2012-11-24,0.131885417
2012-11-25,0.1331875
2012-11-26,1.1409375
2012-11-27,2.003229167
2012-11-28,1.889666667
2012-11-29,1.97390625
2012-11-30,1.8633125
2012-12-01,1.9729375
2012-12-02,1.916833333
2012-12-03,2.19715625
2012-12-04,2.504291667
2012-12-05,2.329135417
2012-12-06,2.321041667
2012-12-07,2.032364583
2012-12-08,1.917166667
2012-12-09,1.870604167
2012-12-10,1.8429375
2012-12-11,2.44346875
2012-12-12,2.181833333
2012-12-13,2.309114583
2012-12-14,2.225864583
2012-12-15,1.947375
2012-12-16,2.02878125
2012-12-17,1.899739583
2012-12-18,1.854208333
2012-12-19,1.945854167
2012-12-20,1.91309375
2012-12-21,2.646395833
2012-12-22,2.374739583
2012-12-23,1.95821875
2012-12-24,1.892197917
2012-12-25,1.898666667
2012-12-26,1.881052083
2012-12-27,1.860510417
2012-12-28,1.847645833
2012-12-29,1.833677083
2012-12-30,1.821260417
2012-12-31,1.804208333
2013-01-01,1.826895833
2013-01-02,1.785395833
2013-01-03,1.819645833
2013-01-04,1.787708333
2013-01-05,1.764760417
2013-01-06,1.755291667
2013-01-07,1.9865625
2013-01-08,1.791927083
2013-01-09,1.778375
2013-01-10,1.826958333
2013-01-11,1.91103125
2013-01-12,2.06975
2013-01-13,1.97340625
2013-01-14,1.779427083
2013-01-15,1.843541667
2013-01-16,1.874833333
2013-01-17,1.839364583
2013-01-18,1.804697917
2013-01-19,1.751041667
2013-01-20,1.732229167
2013-01-21,1.737979167
2013-01-22,0.808583333
2013-01-23,0.094916667
2013-01-24,0.105052083
2013-01-25,0.123229167
2013-01-26,0.1248125
2013-01-27,0.137166667
2013-01-28,0.139645833
2013-01-29,0.1389375
2013-01-30,0.129229167
2013-01-31,0.1101875
2013-02-01,0.123791667
2013-02-02,0.141447917
2013-02-03,0.131791667
2013-02-04,0.134864583
2013-02-05,0.132802083
2013-02-06,0.121864583
2013-02-07,0.1161875
2013-02-08,0.11725
2013-02-09,0.122322917
2013-02-10,0.12759375
2013-02-11,0.121166667
2013-02-12,0.140354167
2013-02-13,0.13028125
2013-02-14,0.11665625
2013-02-15,0.125572917
2013-02-16,0.134760417
2013-02-17,0.127010417
2013-02-18,0.12384375
2013-02-19,0.123677083
2013-02-20,0.119791667
2013-02-21,0.123947917
2013-02-22,0.12440625
2013-02-23,0.133083333
2013-02-24,0.12546875
2013-02-25,0.12315625
2013-02-26,0.119854167
2013-02-27,0.127958333
2013-02-28,0.136666667
2013-03-01,0.138583333
2013-03-02,0.1411875
2013-03-03,0.126447917
2013-03-04,0.123614583
2013-03-05,0.1241875
2013-03-06,0.13084375
2013-03-07,0.11884375
2013-03-08,0.124958333
2013-03-09,0.124072917
2013-03-10,0.13246875
2013-03-11,0.149354167
2013-03-12,0.15371875
2013-03-13,0.155
2013-03-14,0.146427083
2013-03-15,0.14546875
2013-03-16,0.133572917
2013-03-17,0.129864583
2013-03-18,0.1208125
2013-03-19,0.109041667
2013-03-20,0.131583333
2013-03-21,0.508395833
2013-03-22,0.551979167
2013-03-23,0.553427083
2013-03-24,0.5499375
2013-03-25,0.528729167
2013-03-26,0.349151571
2013-03-27,0.212333193
2013-03-28,0.217748934
2013-03-29,5.79759336
2013-03-30,8.21856695
2013-03-31,4.816643389
2013-04-01,0.792055335
2013-04-02,0.469708634
2013-04-03,0.377946243
2013-04-04,0.347351658
2013-04-05,0.419858527
2013-04-06,0.30904009
2013-04-07,0.300594154
2013-04-08,0.344300309
2013-04-09,0.397668817
2013-04-10,0.351686111
2013-04-11,0.287982556
2013-04-12,0.254187773
2013-04-13,0.267474807
2013-04-14,0.337463872
2013-04-15,0.256721562
2013-04-16,1.517346433
2013-04-17,0.717464849
2013-04-18,0.388818347
2013-04-19,1.847630761
2013-04-20,2.227660511
2013-04-21,0.573700109
2013-04-22,0.352230935
2013-04-23,0.294805993
2013-04-24,4.78759407
2013-04-25,0.593392317
2013-04-26,0.386734816
2013-04-27,0.413522472
2013-04-28,0.754857809
2013-04-29,0.329111566
2013-04-30,3.917906204
2013-05-01,1.342031573
2013-05-02,0.762034868
2013-05-03,0.425322321
2013-05-04,0.34166503
2013-05-05,0.338883003
2013-05-06,0.321430231
2013-05-07,3.315774605
2013-05-08,3.054706517
2013-05-09,4.630077762
2013-05-10,1.556238341
2013-05-11,0.893190211
2013-05-12,3.033925451
2013-05-13,0.900278419
2013-05-14,0.587643995
2013-05-15,4.975797523
2013-05-16,0.881792514
2013-05-17,0.60236744
2013-05-18,0.609031891
2013-05-19,0.550240167
2013-05-20,0.42847732
2013-05-21,4.763656603
2013-05-22,5.232216602
2013-05-23,1.041908879
2013-05-24,1.05308241
2013-05-25,0.723154682
2013-05-26,2.402371339
2013-05-27,3.394977613
2013-05-28,1.783907814
2013-05-29,2.704130752
2013-05-30,3.690488328
2013-05-31,4.058536542
2013-06-01,1.074305527
2013-06-02,0.778313908
2013-06-03,1.062943234
2013-06-04,2.849758902
2013-06-05,0.689296451
2013-06-06,0.542182464
2013-06-07,0.50151963
2013-06-08,0.505859331
2013-06-09,0.425622725
2013-06-10,0.722513823
2013-06-11,1.604813165
2013-06-12,5.604493059
2013-06-13,0.857674134
2013-06-14,3.24428862
2013-06-15,2.037487388
2013-06-16,0.724379244
2013-06-17,0.58047846
2013-06-18,0.621340854
2013-06-19,2.173943664
2013-06-20,1.044108325
2013-06-21,1.015299126
2013-06-22,1.418381737
2013-06-23,2.99615196
2013-06-24,5.198829662
2013-06-25,8.873764409
2013-06-26,11.82809273
2013-06-27,10.11796645
2013-06-28,3.588748769
2013-06-29,2.321075271
2013-06-30,15.00540692
2013-07-01,5.321564479
2013-07-02,4.015068656
2013-07-03,5.100343772
2013-07-04,2.803106282
2013-07-05,2.041531534
2013-07-06,4.618251231
2013-07-07,10.66478626
2013-07-08,5.454751077
2013-07-09,5.830463697
2013-07-10,8.509891106
2013-07-11,3.436706591
2013-07-12,2.970777554
2013-07-13,3.701649978
2013-07-14,13.43875118
2013-07-15,14.5327181
2013-07-16,5.518468249
2013-07-17,3.809373044
2013-07-18,18.74173667
2013-07-19,4.512545055
2013-07-20,3.241102061
2013-07-21,2.907722291
2013-07-22,5.222270297
2013-07-23,2.871530939
2013-07-24,2.393084657
2013-07-25,2.234170611
2013-07-26,2.805471788
2013-07-27,2.379125969
2013-07-28,1.901018125
2013-07-29,0.530121496
2013-07-30,0.501907505
2013-07-31,0.613158249
2013-08-01,2.817527777
2013-08-02,0.552523289
2013-08-03,0.416967311
2013-08-04,0.398953851
2013-08-05,0.478458583
2013-08-06,0.946492138
2013-08-07,1.35726842
2013-08-08,2.597243441
2013-08-09,3.675512408
2013-08-10,0.845130166
2013-08-11,0.577892379
2013-08-12,0.455769936
2013-08-13,0.397665755
2013-08-14,0.368661837
2013-08-15,0.343370081
2013-08-16,0.440604759
2013-08-17,0.330854215
2013-08-18,1.688928845
2013-08-19,0.616983204
2013-08-20,0.682907131
2013-08-21,0.454258414
2013-08-22,0.750101716
2013-08-23,0.419881338
2013-08-24,0.347701315
2013-08-25,0.830776775
2013-08-26,0.606750098
2013-08-27,1.166657369
2013-08-28,0.351208086
2013-08-29,0.322546942
2013-08-30,0.397536588
2013-08-31,0.334720927
2013-09-01,0.353892155
2013-09-02,0.301337866
2013-09-03,2.991414036
2013-09-04,3.632792956
2013-09-05,2.873891647
2013-09-06,1.214851648
2013-09-07,1.033315721
2013-09-08,1.313528383
2013-09-09,0.47425165
2013-09-10,0.401422674
2013-09-11,0.521430501
2013-09-12,2.57033897
2013-09-13,0.509360462
2013-09-14,0.494015325
2013-09-15,0.367722352
2013-09-16,0.332706521
2013-09-17,0.313398649
2013-09-18,0.316363229
2013-09-19,0.293434624
2013-09-20,0.286971331
2013-09-21,0.275950294
2013-09-22,0.254717323
2013-09-23,0.242254851
2013-09-24,0.376772009
2013-09-25,0.228757947
2013-09-26,0.227989935
2013-09-27,0.221632292
2013-09-28,0.221425669
2013-09-29,0.215551665
2013-09-30,0.287200406
2013-10-01,0.306968651
2013-10-02,0.305244313
2013-10-03,0.313843835
2013-10-04,0.831618559
2013-10-05,0.567514338
2013-10-06,0.228025503
2013-10-07,0.208018222
2013-10-08,0.220614369
2013-10-09,0.301489835
2013-10-10,0.484318319
2013-10-11,1.122331377
2013-10-12,0.323022031
2013-10-13,0.296756313
2013-10-14,0.249874527
2013-10-15,0.209509283
2013-10-16,0.195720137
2013-10-17,0.192962354
2013-10-18,0.190055989
2013-10-19,0.195123737
2013-10-20,0.184499599
2013-10-21,0.1850478
2013-10-22,0.192804838
2013-10-23,0.195678422
2013-10-24,0.196114668
2013-10-25,0.216712645
2013-10-26,0.845991813
2013-10-27,0.228957134
2013-10-28,0.184158743
2013-10-29,1.118673526
2013-10-30,0.211654604
2013-10-31,0.320547575
2013-12-16,2.00736766
2013-12-17,0.659638453
2013-12-18,0.485772811
2013-12-19,0.499232775
2013-12-20,0.545327879
2013-12-21,0.599890235
2013-12-22,0.552129046
2013-12-23,1.478947373
2013-12-24,1.989377836
2013-12-25,0.613389995
2013-12-26,0.457812568
2013-12-27,1.507645695
2013-12-28,0.578855974
2013-12-29,0.51965903
2013-12-30,0.587538436
2013-12-31,0.468918182
2014-01-01,0.953772152
2014-01-02,1.198411808
2014-01-03,0.661077983
2014-01-04,0.838162713
2014-01-05,0.728306293
2014-01-06,0.444146951
2014-01-07,0.673207454
2014-01-08,0.440277289
2014-01-09,0.430661261
2014-01-10,0.713075172
2014-01-11,0.51002035
2014-01-12,0.931159402
2014-01-13,0.514251165
2014-01-14,0.568698401
2014-01-15,0.442479879
2014-01-16,0.381443846
2014-01-17,0.449370338
2014-01-18,0.340052026
2014-01-19,0.332382491
2014-01-20,0.324923541
2014-01-21,0.31033525
2014-01-22,0.339356041
2014-01-23,0.341479666
2014-01-24,0.425592352
2014-01-25,0.394436735
2014-01-26,0.341690822
2014-01-27,0.31636443
2014-01-28,0.409861417
2014-01-29,0.311923279
2014-01-30,0.778418192
2014-01-31,0.928977674
2014-02-01,1.260287617
2014-02-02,0.647565186
2014-02-03,0.593272323
2014-02-04,0.829313279
2014-02-05,1.691180188
2014-02-06,1.862547507
2014-02-07,2.573462307
2014-02-08,0.73700054
2014-02-09,0.535568847
2014-02-10,0.466592378
2014-02-11,0.40878077
2014-02-12,0.352314458
2014-02-13,0.643364251
2014-02-14,0.365111541
2014-02-15,0.346573326
2014-02-16,0.325775789
2014-02-17,0.30562161
2014-02-18,0.644032491
2014-02-19,0.876185595
2014-02-20,0.485819217
2014-02-21,2.088316728
2014-02-22,1.430007219
2014-02-23,0.439496519
2014-02-24,0.359820501
2014-02-25,0.333142763
2014-02-26,0.307048342
2014-02-27,0.298062135
2014-02-28,0.293746958
2014-03-01,0.36928462
2014-03-02,0.298330804
2014-03-03,0.318820845
2014-03-04,0.522255284
2014-03-05,0.729288862
2014-03-06,0.523325761
2014-03-07,0.357828674
2014-03-08,0.35327097
2014-03-09,0.297865989
2014-03-10,0.304442041
2014-03-11,0.631082441
2014-03-12,0.285897551
2014-03-13,0.264188474
2014-03-14,0.261660576
2014-03-15,0.260713407
2014-03-16,0.252354367
2014-03-17,0.239790495
2014-03-18,0.218913002
2014-03-19,0.213735333
2014-03-20,0.212773682
2014-03-21,0.20427918
2014-03-22,0.19798886
2014-03-23,0.197148369
2014-03-24,0.2005098
2014-03-25,0.204005896
2014-03-26,0.205937326
2014-03-27,0.201083884
2014-03-28,0.307435877
2014-03-29,0.267604611
2014-03-30,0.199119685
2014-03-31,0.183289252
2014-04-01,0.17727031
2014-04-02,0.176900438
2014-04-03,0.20568077
2014-04-04,1.127673376
2014-04-05,1.345275467
2014-04-06,0.216669281
2014-04-07,0.193676133
2014-04-08,0.186435582
2014-04-09,0.214488522
2014-04-10,0.190487263
2014-04-11,0.181943222
2014-04-12,0.178203877
2014-04-13,0.186047647
2014-04-14,0.179013937
2014-04-15,0.168283171
2014-04-16,0.170568851
2014-04-17,0.270339572
2014-04-18,0.244994813
2014-04-19,2.075396006
2014-04-20,1.881965828
2014-04-21,0.239812019
2014-04-22,0.194473887
2014-04-23,0.189031609
2014-04-24,0.190546989
2014-04-25,0.186251355
2014-04-26,0.188146936
2014-04-27,0.189914041
2014-04-28,0.186109998
2014-04-29,0.186275836
2014-04-30,0.200186595
2014-05-01,0.212632859
2014-05-02,0.217818493
2014-05-03,0.654457561
2014-05-04,0.200507939
2014-05-05,0.187861216
2014-05-06,0.168538678
2014-05-07,0.158782729
2014-05-08,4.254799703
2014-05-09,1.519193445
2014-05-10,8.327536411
2014-05-11,2.194490143
2014-05-12,2.522886463
2014-05-13,0.889922042
2014-05-14,0.634878101
2014-05-15,0.610334936
2014-05-16,0.571035017
2014-05-17,0.451303543
2014-05-18,0.387130639
2014-05-19,0.384171178
2014-05-20,2.038844739
2014-05-21,0.42731271
2014-05-22,0.383804666
2014-05-23,0.37101517
2014-05-24,0.350221694
2014-05-25,0.348874271
2014-05-26,0.341745926
2014-05-27,0.33273487
2014-05-28,0.349035884
2014-05-29,0.344376312
2014-05-30,0.361256501
2014-05-31,0.362082102
2014-06-01,0.32438572
2014-06-02,0.316012797
2014-06-03,0.314271902
2014-06-04,0.311720713
2014-06-05,0.308875039
2014-06-06,0.293275166
2014-06-07,0.328729734
2014-06-08,0.432198933
2014-06-09,0.33481139
2014-06-10,0.288216769
2014-06-11,0.274137355
2014-06-12,0.278172806
2014-06-13,0.283949035
2014-06-14,0.299993811
2014-06-15,0.307323271
2014-06-16,0.310958959
2014-06-17,0.311024581
2014-06-18,0.339154844
2014-06-19,0.358715434
2014-06-20,0.384845632
2014-06-21,0.361844983
2014-06-22,0.33848548
2014-06-23,0.354738861
2014-06-24,0.353583223
2014-06-25,0.344910216
2014-06-26,0.534284202
2014-06-27,0.627040971
2014-06-28,0.786663417
2014-06-29,0.729030587
2014-06-30,0.67588236
2014-07-01,0.578694592
2014-07-02,0.64472425
2014-07-03,0.832720227
2014-07-04,0.883784275
2014-07-05,0.902490011
2014-07-06,1.684686815
2014-07-07,0.686558944
2014-07-08,0.71181125
2014-07-09,0.698255229
2014-07-10,0.531647692
2014-07-11,1.535839844
2014-07-12,0.504159211
2014-07-13,0.42936419
2014-07-14,0.414409295
2014-07-15,0.415136012
2014-07-16,0.505081748
2014-07-17,0.526708715
2014-07-18,0.647619101
2014-07-19,3.23293957
2014-07-20,0.585490385
2014-07-21,0.41923133
2014-07-22,0.408292636
2014-07-23,0.390978594
2014-07-24,0.366171362
2014-07-25,0.376184046
2014-07-26,0.363582934
2014-07-27,0.458612276
2014-07-28,0.405132932
2014-07-29,0.30212911
2014-07-30,0.28439169
2014-07-31,0.24964853
2014-08-01,0.246349285
2014-08-02,1.931039685
2014-08-03,0.761553788
2014-08-04,0.571550493
2014-08-05,2.013604097
2014-08-06,1.631682909
2014-08-07,0.453883773
2014-08-08,0.711139315
2014-08-09,0.877119086
2014-08-10,0.446939579
2014-08-11,0.66946173
2014-08-12,0.796131012
2014-08-13,0.636171199
2014-08-14,0.459105194
2014-08-15,0.420930808
2014-08-16,1.025509173
2014-08-17,0.80001979
2014-08-18,0.413727607
2014-08-19,0.362485501
2014-08-20,2.046868931
2014-08-21,0.804722145
2014-08-22,12.90024457
2014-08-23,40.12545636
2014-08-24,7.510801271
2014-08-25,0.398457403
2014-08-26,0.585551277
2014-08-27,0.65787669
2014-08-28,0.49237616
2014-08-29,13.33199796
2014-08-30,1.115205411
2014-08-31,0.811664735
2014-09-01,0.623146661
2014-09-02,1.019123642
2014-09-03,0.348308022
2014-09-04,0.898035505
2014-09-05,1.825890026
2014-09-06,0.395246584
2014-09-07,1.037543059
2014-09-08,0.633746219
2014-09-09,0.489167789
2014-09-10,0.335106694
2014-09-11,0.358659852
2014-09-12,0.287513488
2014-09-13,0.275299992
2014-09-14,0.71067213
2014-09-15,0.375303972
2014-09-16,0.311856014
2014-09-17,0.27410166
2014-09-18,0.310683962
2014-09-19,11.02803462
2014-09-20,1.026009978
2014-09-21,0.743279831
2014-09-22,7.443202035
2014-09-23,1.243519463
2014-09-24,0.610721092
2014-09-25,1.675257021
2014-09-26,0.742827189
2014-09-27,0.529423028
2014-09-28,0.454889153
2014-09-29,0.427921275
2014-09-30,0.365946697
2014-10-01,0.350972825
2014-10-02,0.351151155
2014-10-03,0.329139321
2014-10-04,0.348515876
2014-10-05,0.357139977
2014-10-06,0.313940505
2014-10-07,0.206151227
2014-10-08,0.230743058
2014-10-09,0.313980443
2014-10-10,0.274427064
2014-10-11,0.253188505
2014-10-12,0.23818745
2014-10-13,0.385604978
2014-10-14,0.494255935
2014-10-15,0.248919164
2014-10-16,0.246778129
2014-10-17,0.259040188
2014-10-18,0.238718789
2014-10-19,0.219753251
2014-10-20,0.20636948
2014-10-21,0.199576379
2014-10-22,0.193308396
2014-10-23,0.240516566
2014-10-24,0.215116764
2014-10-25,0.241114072
2014-10-26,0.214775187
2014-10-27,0.204169261
2014-10-28,0.199521659
2014-10-29,0.336343813
2014-10-30,1.336815412
2014-10-31,0.698761117
2014-11-01,0.305266969
2014-11-02,0.660235697
2014-11-03,1.114752281
2014-11-04,4.520688956
2014-11-05,0.747919422
2014-11-06,0.34485302
2014-11-07,16.55181878
2014-11-08,0.737558056
2014-11-09,0.301901056
2014-11-10,0.25026708
2014-11-11,0.235337358
2014-11-12,0.224821176
2014-11-13,0.223415875
2014-11-14,0.201690554
2014-11-15,0.200488178
2014-11-16,0.309626244
2014-11-17,0.289452537
2014-11-18,0.238173205
2014-11-19,0.481345916
2014-11-20,0.381789067
2014-11-21,2.684948806
2014-11-22,2.288279621
2014-11-23,0.524951536
2014-11-24,0.492551336
2014-11-25,0.830399099
2014-11-26,2.4495962
2014-11-27,0.814313438
2014-11-28,0.414596342
2014-11-29,0.366066556
2014-11-30,0.30062269
2014-12-01,0.548921021
2014-12-02,0.696076454
2014-12-03,0.516481812
2014-12-04,0.770414063
2014-12-05,0.493919931
2014-12-06,0.351414578
2014-12-07,0.348857061
2014-12-08,0.330991693
2014-12-09,0.297274963
2014-12-10,0.272674008
2014-12-11,0.259885384
2014-12-12,0.261448487
2014-12-13,0.24910741
2014-12-14,0.258365908
2014-12-15,0.831710084
2014-12-16,16.36900615
2014-12-17,0.756405132
2014-12-18,0.691197097
2014-12-19,0.460656981
2014-12-20,0.386455014
2014-12-21,0.350771333
2014-12-22,0.298426323
2014-12-23,0.274212708
2014-12-24,0.276771656
2014-12-25,0.326193667
2014-12-26,0.342429792
2014-12-27,0.284826445
2014-12-28,0.281460839
2014-12-29,0.267402478
2014-12-30,0.282327122
2014-12-31,0.268076726
2015-01-01,0.235286392
2015-01-02,0.236186748
2015-01-03,0.257880194
2015-01-04,0.2557307
2015-01-05,0.315402079
2015-01-06,0.317023148
2015-01-07,0.261783063
2015-01-08,0.300328919
2015-03-02,0.41465197
2015-03-03,0.459566022
2015-03-04,0.816881123
2015-03-05,0.362119772
2015-03-06,0.307002826
2015-03-07,0.28307364
2015-03-08,0.304596273
2015-03-09,0.319861923
2015-03-10,0.460363706
2015-03-11,1.03457619
2015-03-12,1.404045994
2015-03-13,0.544384372
2015-03-14,0.424656941
2015-03-15,0.334634402
2015-03-16,0.332947106
2015-03-17,0.289608651
2015-03-18,0.263315772
2015-03-19,0.268373959
2015-03-20,0.243235764
2015-03-21,0.237962281
2015-03-22,0.233550341
2015-03-23,0.226047669
2015-03-24,0.225840283
2015-03-25,0.220004156
2015-03-26,0.217156534
2015-03-27,0.243378869
2015-03-28,0.220892751
2015-03-29,0.214143354
2015-03-30,0.220409255
2015-03-31,0.202037136
2015-04-01,0.198684119
2015-04-02,0.49245477
2015-04-03,0.251052186
2015-04-04,0.343191288
2015-04-05,0.381369681
2015-04-06,0.333399128
2015-04-07,0.224364331
2015-04-08,0.261147732
2015-06-03,0.183622918
2015-06-04,0.177126334
2015-06-05,0.177394471
2015-06-06,0.175083981
2015-06-07,0.185631365
2015-06-08,0.184801768
2015-06-09,0.179814695
2015-06-10,0.214721418
2015-06-11,0.368946198
2015-06-12,0.181818051
2015-06-13,0.188494979
2015-06-14,0.173332958
2015-06-15,0.159776213
2015-06-16,0.159760269
2015-06-17,0.152153652
2015-06-18,0.123832329
2015-06-19,0.119729311
2015-06-20,0.118588544
2015-06-21,0.127393248
2015-06-22,0.273005626
2015-06-23,0.151566742
2015-06-24,0.120093428
2015-06-25,0.109483217
2015-06-26,0.156436142
2015-06-27,0.128611177
2015-06-28,0.121746439
2015-06-29,0.113400917
2015-06-30,0.153193465
2015-07-01,0.32402416
2015-07-02,0.132986812
2015-07-03,0.118056223
2015-07-04,0.117479107
2015-07-05,0.112464746
2015-07-06,0.110470044
2015-07-07,0.101124402
2015-07-08,0.103296829
2015-07-09,0.113225152
2015-07-10,0.096824803
2015-07-11,0.101626411
2015-07-12,0.160674965
2015-07-13,0.133927558
2015-07-14,0.103246015
2015-07-15,0.102499165
2015-07-16,0.096581149
2015-07-17,0.092652922
2015-07-18,0.097774491
2015-07-19,0.100126815
2015-07-20,0.107610479
2015-07-21,0.124113093
2015-07-22,0.11962061
2015-07-23,0.115461513
2015-07-24,0.115405069
2015-07-25,0.120461963
2015-07-26,0.12464045
2015-07-27,0.110663561
2015-07-28,0.108980571
2015-07-29,0.106382371
2015-07-30,0.108723603
2015-07-31,0.14019628
2015-08-01,0.115914857
2015-08-02,0.12251982
2015-08-03,0.199711722
2015-08-04,0.12690487
2015-08-05,0.131012978
2015-08-06,0.131542652
2015-08-07,0.175553341
2015-08-08,0.239780548
2015-08-09,0.168367487
2015-08-10,0.138160898
2015-08-11,0.13607901
2015-08-12,0.140853313
2015-08-13,0.133000605
2015-08-14,0.132603827
2015-08-15,0.179867981
2015-08-16,0.245262346
2015-08-17,0.172196085
2015-08-18,0.135787809
2015-08-19,0.131602337
2015-08-20,0.132837059
2015-08-21,0.139982712
2015-08-22,0.124124798
2015-08-23,0.12773874
2015-08-24,0.133012202
2015-08-25,0.703793548
2015-08-26,0.176825505
2015-08-27,1.411900119
2015-08-28,4.048866115
2015-08-29,0.287126641
2015-08-30,0.330962099
2015-08-31,0.215142738
2015-09-01,1.849865459
2015-09-02,0.685956181
2015-09-03,0.228392853
2015-09-04,0.184197587
2015-09-05,0.183818236
2015-09-06,0.182987323
2015-09-07,0.2685374
2015-09-08,0.268329884
2015-09-09,0.191290875
2015-09-10,0.200663646
2015-09-11,0.191177324
2015-09-15,0.343963933
2015-09-16,0.364843136
2015-09-17,0.259337865
2015-09-18,0.341972147
2015-09-19,0.268980811
2015-09-20,0.217569662
2015-09-21,0.211493064
2015-09-22,0.293944132
2015-09-23,0.26202067
2015-09-24,0.230164819
2015-09-25,0.221377035
2015-09-26,0.216609624
2015-09-27,0.208989282
2015-09-28,0.206354315
2015-09-29,0.203661089
2015-09-30,0.198808587
2015-10-01,0.21438877
2015-10-02,0.212348142
2015-10-03,0.349891554
2015-10-04,0.231877915
2015-10-05,0.159260937
2015-10-06,0.161314332
2015-10-07,0.212384469
2015-10-08,0.209337439
2015-10-09,0.275103719
2015-10-10,0.592515581
2015-10-11,0.251613781
2015-10-12,0.283532499
2015-10-13,0.252080593
2015-10-14,0.194257615
2015-10-15,0.423648868
2015-10-16,0.215002866
2015-10-17,0.199670587
2015-10-18,0.143990798
2015-10-19,0.131701955
2015-10-20,0.122658336
2015-10-21,0.112723436
2015-10-22,0.10910318
2015-10-23,0.111696889
2015-10-24,0.131685205
2015-10-25,0.504791605
2015-10-26,0.327265457
2015-10-27,0.174516799
2015-10-28,0.176748289
2015-10-29,0.178711298
2015-10-30,0.13122693
2015-10-31,0.136785836
2015-11-01,2.386700649
2015-11-02,1.313381032
2015-11-03,0.609739008
2015-11-04,0.421543582
2015-11-05,0.346728727
2015-11-06,0.599073302
2015-11-07,0.847542648
2015-11-08,0.817211906
2015-11-09,0.304913653
2015-11-10,0.368335853
2015-11-11,0.270294121
2015-11-12,0.206030964
2015-11-13,0.220306203
2015-11-14,0.211418571
2015-11-15,0.265825946
2015-11-16,0.453025235
2015-11-17,1.133056523
2015-11-18,0.218519221
2015-11-19,0.137367715
2015-11-20,0.788520321
2015-11-21,0.171435231
2015-11-22,0.142145987
2015-11-23,0.121586444
2015-11-24,0.103390548
2015-11-25,0.094431038
2015-11-26,0.092146805
2015-11-27,0.086241769
2015-11-28,0.976596947
2015-11-29,2.549830509
2015-11-30,0.25881737
2015-12-01,0.537656404
2015-12-02,1.071779134
2015-12-03,0.239814898
2015-12-04,0.209808034
2015-12-05,0.418146835
2015-12-06,0.318761601
2015-12-07,0.954185542
2015-12-08,0.818566826
2015-12-09,0.302923107
2015-12-10,0.270961666
2015-12-11,0.319069777
2015-12-12,0.310472896
2015-12-13,0.29373848
2015-12-14,0.285365136
2015-12-15,0.264556836
2015-12-16,0.253518667
2015-12-17,0.241489594
2015-12-18,0.228716537
2015-12-19,0.269698865
2015-12-20,0.730458812
2015-12-21,0.3980032
2015-12-22,0.341544581
2015-12-23,0.313914604
2015-12-24,0.480692476
2015-12-25,0.709315512
2015-12-26,0.534373577
2015-12-27,0.643506553
2015-12-28,0.561549356
2015-12-29,0.462960373
2015-12-30,1.811281785
2015-12-31,0.666234553
2016-01-01,0.525201314
2016-01-02,0.465589456
2016-01-03,0.358576351
2016-01-04,0.668504871
2016-01-05,0.354432261
2016-01-06,0.492912545
2016-01-07,0.399983683
2016-01-08,0.317499547
2016-01-09,0.300675471
2016-01-10,0.293221415
2016-01-11,0.290478207
2016-01-12,0.272026952
2016-01-13,0.258106573
2016-01-14,0.268851592
2016-01-15,0.271074993
2016-01-16,0.276556151
2016-01-17,0.265237915
2016-01-18,0.266516784
2016-01-19,0.289651858
2016-01-20,0.330538198
2016-01-21,0.265952437
2016-01-22,0.265089645
2016-01-23,0.27856698
2016-01-24,0.271513982
2016-01-25,0.349648166
2016-01-26,0.281793361
2016-01-27,0.315808617
2016-01-28,0.261100709
2016-01-29,0.241928649
2016-01-30,0.27259857
2016-01-31,0.240592078
2016-02-01,0.183246587
2016-02-02,0.173108788
2016-02-03,0.179103518
2016-02-04,0.18604355
2016-02-05,0.179037471
2016-02-06,0.158591659
2016-02-07,0.448960282
2016-02-08,0.195167884
2016-02-09,0.170070595
2016-02-10,0.163666278
2016-02-11,0.161469777
2016-02-12,0.166209726
2016-02-13,0.159243869
2016-02-14,0.166051323
2016-02-15,0.227963076
2016-02-16,0.294858533
2016-02-17,0.468994546
2016-02-18,0.329561645
2016-02-19,0.235890501
2016-02-20,1.281689974
2016-02-21,1.898780842
2016-02-22,2.083503708
2016-02-23,0.328220748
2016-02-24,0.253874241
2016-02-25,0.228164968
2016-02-26,0.230410837
2016-02-27,0.212603715
2016-02-28,0.288769532
2016-02-29,0.239363839
2016-03-01,0.193725489
2016-03-02,0.198907579
2016-03-03,0.205047843
2016-03-04,1.636944089
2016-03-05,1.768755362
2016-03-06,0.332349678
2016-03-07,0.465868275
2016-03-08,4.325077585
2016-03-09,0.981603467
2016-03-10,0.378070216
2016-03-11,0.330749985
2016-03-12,2.885226547
2016-03-13,3.649844107
2016-03-14,1.65565676
2016-03-15,1.372312493
2016-03-16,0.52036751
2016-03-17,0.404237663
2016-03-18,0.353414746
2016-03-19,0.333741562
2016-03-20,0.311222765
2016-03-21,0.292803953
2016-03-22,0.285830466
2016-03-23,0.278695098
2016-03-24,0.28033853
2016-03-25,0.275794393
2016-03-26,0.266280412
2016-03-27,0.387403112
2016-03-28,0.277468755
2016-03-29,0.191584709
2016-03-30,0.491060552
2016-03-31,0.794315332
2016-04-01,1.384723601
2016-04-02,0.309119366
2016-04-03,0.217470296
2016-04-04,0.175115277
2016-04-05,0.161389992
2016-04-06,0.14880273
2016-04-07,0.173091774
2016-04-08,0.140678409
2016-04-09,0.134781897
2016-04-10,0.129402112
2016-04-11,0.193584546
2016-04-12,0.340239621
2016-04-13,0.180049447
2016-04-14,0.183521662
2016-04-15,0.147050202
2016-04-16,0.138972887
2016-04-17,0.139605737
2016-04-18,0.216197361
2016-04-19,0.309653236
2016-04-20,0.250357002
2016-04-21,0.284581006
2016-04-22,0.977837579
2016-04-23,3.852715227
2016-04-24,0.303400084
2016-04-25,1.984085212
2016-04-26,0.468374196
2016-04-27,1.662601357
2016-04-28,0.720852286
2016-04-29,0.649294106
2016-04-30,0.403299792
2016-05-01,2.121692737
2016-05-02,0.562635597
2016-05-03,0.572652971
2016-05-04,0.48237821
2016-05-05,0.369284251
2016-05-06,0.343051556
2016-05-07,0.332050299
2016-05-08,0.340775948
2016-05-09,0.353505621
2016-05-10,0.503652612
2016-05-11,0.481100529
2016-05-12,0.389095732
2016-05-13,0.663515415
2016-05-14,0.599801745
2016-05-15,0.457793847
2016-05-16,0.396168116
2016-05-17,0.59216124
2016-05-18,0.367271747
2016-05-19,0.549618958
2016-05-20,0.428142081
2016-05-21,0.833740994
2016-05-22,0.412415741
2016-05-23,0.350140386
2016-05-24,0.333283192
2016-05-25,0.311675458
2016-05-26,0.333513609
2016-05-27,0.366766162
2016-05-28,0.542181494
2016-05-29,6.679306921
2016-05-30,7.185462091
2016-05-31,7.52537385
2016-06-01,1.938341617
2016-06-02,27.65343591
2016-06-03,2.212171902
2016-06-04,1.131980996
2016-06-05,0.719029176
2016-06-06,0.573311214
2016-06-07,0.485018628
2016-06-08,0.82952743
2016-06-09,0.433498862
2016-06-10,0.380620009
2016-06-11,0.350315318
2016-06-12,0.332479595
2016-06-13,0.31128626
2016-06-14,0.284519559
2016-06-15,0.26851506
2016-06-16,0.256667325
2016-06-17,0.253305172
2016-07-20,0.330354794
2016-07-21,0.359947613
2016-07-22,0.258958072
2016-07-23,0.234123134
2016-07-24,0.249934506
2016-07-25,0.291381248
2016-07-26,1.993650261
2016-07-27,0.437136473
2016-07-28,0.267835749
2016-07-29,0.384221186
2016-07-30,0.267205627
2016-07-31,1.488774502
2016-08-01,2.827444203
2016-08-02,0.438717055
2016-08-03,0.61758507
2016-08-04,0.359696678
2016-08-05,3.164272032
2016-08-06,13.39938705
2016-08-07,0.725284507
2016-08-08,0.469433253
2016-08-09,0.397961193
2016-08-10,0.996604366
2016-08-11,5.622572427
2016-08-12,0.928742568
2016-08-13,4.560708833
2016-08-14,6.595242097
2016-08-15,0.995651251
2016-08-16,0.724440543
2016-08-17,0.55761104
2016-08-18,0.454075939
2016-08-19,0.405402943
2016-08-20,0.368064343
2016-08-21,0.343179033
2016-08-22,0.378851552
2016-08-23,0.340781302
2016-08-24,0.375927364
2016-08-25,0.360805999
2016-08-26,0.917274904
2016-08-27,0.38220764
2016-08-28,2.836615371
2016-08-29,0.460529709
2016-08-30,0.303743217
2016-08-31,0.279563641
2016-09-01,0.319657559
2016-09-02,0.839719696
2016-09-03,0.303532352
2016-09-04,0.247632651
2016-09-05,0.463033888
2016-09-06,0.428470504
2016-09-07,0.280641594
2016-09-08,0.25453603
2016-09-09,0.26319984
2016-09-10,0.672412256
2016-09-11,0.350282347
2016-09-12,0.435889884
2016-09-13,0.3897741
2016-09-14,0.254476298
2016-09-15,0.270536237
2016-09-16,0.344318613
2016-09-17,0.271968572
2016-09-18,0.40652442
2016-09-19,0.222307722
2016-09-20,0.337175377
2016-09-21,1.498937271
2016-09-22,0.5632822
2016-09-23,0.334992339
2016-09-24,0.24800503
2016-09-25,0.230421654
2016-09-26,0.227695446
2016-09-27,0.219378965
2016-09-28,0.199091739
2016-09-29,0.237273676
2016-09-30,0.267807717
2016-10-01,0.425204663
2016-10-02,0.240194105
2016-10-03,0.53182427
2016-10-04,7.38420236
2016-10-05,0.725442372
2016-10-06,0.34674591
2016-10-07,0.304264024
2016-10-08,0.286633321
2016-10-09,0.276219477
2016-10-10,0.257381874
2016-10-11,0.21484548
2016-10-12,0.202283295
2016-10-13,0.198882539
2016-10-14,0.191123323
2016-10-15,0.183037748
2016-10-16,0.183063828
2016-10-17,0.1726256
2016-10-18,0.222921922
2016-10-19,0.356696682
2016-10-20,0.215394056
2016-10-21,0.171178598
2016-10-22,0.16581253
2016-10-23,18.91293178
2016-10-24,1.195432016
2016-10-25,0.566259714
2016-10-26,6.987422464
2016-10-27,0.760805996
2016-10-28,0.33280819
2016-10-29,0.398450193
2016-10-30,0.305664782
2016-10-31,0.293086224
2016-11-01,0.315364059
2016-11-02,1.649219588
2016-11-03,2.97103109
2016-11-04,1.887442635
2016-11-05,0.885248605
2016-11-06,0.373226908
2016-11-07,0.420451449
2016-11-08,0.347985495
2016-11-09,0.564189468
2016-11-10,3.064515216
2016-11-11,8.586339231
2016-11-12,0.682264764
2016-11-13,0.435755182
2016-11-14,0.38465334
2016-11-15,0.366699505
2016-11-16,0.319534329
2016-11-17,1.261690575
2016-11-18,6.014337051
2016-11-19,0.670420416
2016-11-20,2.059629909
2016-11-21,1.735481998
2016-11-22,5.45103306
2016-11-23,4.088976292
2016-11-24,1.253369964
2016-11-25,0.742054749
2016-11-26,1.200600739
2016-11-27,1.022720326
2016-11-28,2.042284575
2016-11-29,0.645012753
2016-11-30,0.750908805
2016-12-01,0.554742015
2016-12-02,0.455096231
2016-12-03,0.429331884
2016-12-04,0.380088523
2016-12-05,0.718165685
2016-12-06,0.664742704
2016-12-07,0.443011564
2016-12-08,0.355492601
2016-12-09,0.381446629
2016-12-10,0.307981846
2016-12-11,0.362385309
2016-12-12,0.405643307
2016-12-13,1.172456655
2016-12-14,0.627817058
2016-12-15,0.323772022
2016-12-16,0.288941838
2016-12-17,0.923535538
2016-12-18,1.038838221
2016-12-19,0.484285968
2016-12-20,2.795664711
2016-12-21,0.495045764
2016-12-22,0.379267699
2016-12-23,0.956017481
2016-12-24,1.906103269
2016-12-25,1.220349141
2016-12-26,1.192368491
2016-12-27,0.886188964
2016-12-28,0.704488533
2016-12-29,0.484348068
2016-12-30,0.384498948
2016-12-31,0.465121336
2017-01-01,0.408373328
2017-01-02,0.477576519
2017-01-03,0.635485272
2017-01-04,0.409340238
2017-01-05,0.312295682
2017-01-06,0.286223176
2017-01-07,0.283763792
2017-01-08,0.258768979
2017-01-09,0.260939829
2017-01-10,0.269998573
2017-01-11,0.963062895
2017-01-12,0.352898381
2017-01-13,0.287272409
2017-01-14,0.289849113
2017-01-15,0.288527899
2017-01-16,0.379755715
2017-01-17,1.618010516
2017-01-18,3.106760029
2017-01-19,0.373651882
2017-01-20,0.293187092
2017-01-21,0.26341004
2017-01-22,0.245888936
2017-01-23,0.225122726
2017-01-24,0.222280441
2017-01-25,0.215057732
2017-01-26,0.208515059
2017-01-27,0.201180255
2017-01-28,0.19799
2017-01-29,0.209917001
2017-01-30,0.207527538
2017-01-31,0.195508027
2017-02-01,0.181974336
2017-02-02,0.184797341
2017-02-03,0.180242205
2017-02-04,0.217991217
2017-02-05,0.408096687
2017-02-06,0.5358172
2017-02-07,0.55911748
2017-02-08,0.213116352
2017-02-09,0.186430139
2017-02-10,0.184063251
2017-03-10,0.571072037
2017-03-11,0.230295389
2017-03-12,0.160975975
2017-03-13,0.137186223
2017-03-14,0.119218264
2017-03-15,0.107908012
2017-03-16,0.106597797
2017-03-17,0.095901503
2017-03-18,0.098060953
2017-03-19,0.090673242
2017-03-20,0.169670615
2017-03-21,0.091521054
2017-03-22,0.095228207
2017-03-23,4.175677818
2017-03-24,0.375173809
2017-03-25,0.178941773
2017-03-26,0.121516754
2017-03-27,0.096657482
2017-03-28,16.79508883
2017-03-29,0.349846896
2017-03-30,0.163491757
2017-03-31,0.119368134
2017-04-01,0.105412963
2017-04-02,0.097450236
2017-04-03,12.15862397
2017-04-04,0.434369987
2017-04-05,0.326217372
2017-04-06,0.300373484
2017-04-07,0.286348101
2017-04-08,0.266370307
2017-04-09,0.255488126
2017-04-10,0.280992812
2017-04-11,0.259818468
2017-04-12,0.244998232
2017-04-13,2.538449786
2017-04-14,0.592829428
2017-04-15,0.408259287
2017-04-16,60.0847995
2017-04-17,104.7471669
2017-04-18,3.998733896
2017-04-19,1.469650485
2017-04-20,0.861693072
2017-04-21,0.685565756
2017-04-22,0.584029909
2017-04-23,0.613595299
2017-04-24,1.940690038
2017-04-25,0.573169703
2017-04-26,0.513943685
2017-04-27,0.465530368
2017-04-28,0.50966083
2017-04-29,7.413154484
2017-04-30,14.26343276
2017-05-01,31.25131088
2017-05-02,1.935725663
2017-05-03,1.014271968
2017-05-04,0.758986981
2017-05-05,0.634583997
2017-05-06,0.569480125
2017-05-07,0.521098831
2017-05-08,0.500221008
2017-05-09,0.608090943
2017-05-10,0.530736014
2017-05-11,0.479504626
2017-05-12,0.454133334
2017-05-13,0.43490343
2017-05-14,0.432396218
2017-05-15,0.478348412
2017-05-16,0.399066763
2017-05-17,0.377057465
2017-05-18,0.363104227
2017-05-19,0.341888922
2017-05-20,0.352008675
2017-05-21,0.414264445
2017-05-22,0.391894294
2017-05-23,0.309692566
2017-05-24,0.290665245
2017-05-25,0.306491537
2017-05-26,0.341074999
2017-05-27,0.316990011
2017-05-28,0.340675634
2017-05-29,1.200527343
2017-05-30,1.199919983
2017-05-31,11.45585533
2017-06-01,0.809950832
2017-06-02,0.973221122
2017-06-03,0.537027893
2017-06-04,0.433966827
2017-06-05,0.405179832
2017-06-06,0.376362699
2017-06-07,0.376171092
2017-06-08,1.027584112
2017-06-09,1.104916933
2017-06-10,0.511157461
2017-06-11,0.483924466
2017-06-12,0.43933765
2017-06-13,0.371191719
2017-06-14,0.401462258
2017-06-15,0.395524936
2017-06-16,0.344997912
2017-06-17,0.423811121
2017-06-18,0.490905867
2017-06-19,17.28403947
2017-06-20,1.870493972
2017-06-21,1.193867569
2017-06-22,0.617115402
2017-06-23,0.473619742
2017-06-24,0.572438253
2017-06-25,0.422978511
2017-06-26,0.806262129
2017-06-27,0.406194462
2017-06-28,0.572090727
2017-06-29,0.656943188
2017-06-30,0.52236361
2017-07-01,0.409289906
2017-07-02,0.327807649
2017-07-03,0.31105044
2017-07-04,0.720064606
2017-07-05,2.747640118
2017-07-06,0.358518671
2017-07-07,1.810890858
2017-07-08,1.455789885
2017-07-09,32.12419643
2017-07-10,0.66813277
2017-07-11,0.469178354
2017-07-12,0.43809942
2017-07-13,9.606994601
2017-07-14,1.612294586
2017-07-15,0.631402187
2017-07-16,0.50010886
2017-07-17,0.550525558
2017-07-18,0.599543452
2017-07-19,0.457164442
2017-07-20,0.376980674
2017-07-21,0.557918796
2017-07-22,0.574125012
2017-07-23,0.575394242
2017-07-24,0.472371567
2017-07-25,0.571458069
2017-07-26,0.716121399
2017-07-27,0.422640627
2017-07-28,0.353770506
2017-07-29,0.312424386
2017-07-30,0.290778178
2017-07-31,0.668335638
2017-08-01,0.453267879
2017-08-02,0.632988443
2017-08-03,0.582039788
2017-08-04,3.023135561
2017-08-05,0.941200435
2017-08-06,1.140635371
2017-08-07,2.337798688
2017-08-08,0.774599499
2017-08-09,1.339739325
2017-08-10,0.822278507
2017-08-11,0.470328845
2017-08-12,0.401501153
2017-08-13,0.371151721
2017-08-14,0.541399764
2017-08-15,2.801523839
2017-08-16,0.478881962
2017-08-17,93.96332093
2017-08-18,1.314163015
2017-08-19,3.364533566
2017-08-20,12.6506527
2017-08-21,2.692230037
2017-08-22,1.268316677
2017-08-23,0.909182102
2017-08-24,0.739685587
2017-08-25,0.85655027
2017-08-26,0.672476612
2017-08-27,3.024851257
2017-08-28,1.815437029
2017-08-29,1.610939249
2017-08-30,0.850985887
2017-08-31,0.616590874
2017-09-01,0.575221115
2017-09-02,0.575067015
2017-09-03,0.78357776
2017-09-04,0.655423497
2017-09-05,1.04289604
2017-09-06,65.87804989
2017-09-07,59.59184668
2017-09-08,5.225147312
2017-09-09,1.716824337
2017-09-10,1.257353375
2017-09-11,3.007450464
2017-09-12,1.167871628
2017-09-13,0.513895889
2017-09-14,0.441841588
2017-09-15,0.415115459
2017-09-16,0.389142502
2017-09-17,0.380349801
2017-09-18,0.366121371
2017-09-19,0.901803576
2017-09-20,37.8192398
2017-09-21,5.926199315
2017-09-22,3.724653731
2017-09-23,1.013723795
2017-09-24,0.658968086
2017-09-25,0.519449365
2017-09-26,0.42685494
2017-09-27,0.384589982
2017-09-28,0.396480964
2017-09-29,0.388801018
2017-09-30,1.153816487
2017-10-01,0.472484521
2017-10-02,0.321334258
2017-10-03,1.105054676
2017-10-04,0.449306236
2017-10-05,0.491430902
2017-10-06,0.40887353
2017-10-07,0.341300922
2017-10-08,0.289320726
2017-10-09,1.766298249
2017-10-10,7.217142057
2017-10-11,0.956828456
2017-10-12,0.494356669
2017-10-13,0.467060163
2017-10-14,0.811660316
2017-10-15,3.523938014
2017-10-16,22.78593709
2017-10-17,10.25631236
2017-10-18,2.524874175
2017-10-19,1.24056597
2017-10-20,0.986967508
2017-10-21,0.90983695
2017-10-22,0.789621733
2017-10-23,0.713749142
2017-10-24,0.663990731
2017-10-25,0.607922451
2017-10-26,0.575079127
2017-10-27,0.538088908
2017-10-28,0.523629142
2017-10-29,0.787651167
2017-10-30,0.458781682
2017-10-31,0.42881374
2017-11-01,0.410091882
2017-11-02,0.418074821
2017-11-03,0.359899611
2017-11-04,0.333385382
2017-11-05,14.83474479
2017-11-06,1.08569287
2017-11-07,1.430659058
2017-11-08,12.50033204
2017-11-09,6.473192374
2017-11-10,0.853206039
2017-11-11,1.174287558
2017-11-12,7.413548616
2017-11-13,0.948275284
2017-11-14,0.689898105
2017-11-15,7.110579734
2017-11-16,0.693216062
2017-11-17,0.558937295
2017-11-18,0.538369005
2017-11-19,0.528207468
2017-11-20,0.499210902
2017-11-21,0.431916805
2017-11-22,0.371742427
2017-11-23,0.336521435
2017-11-24,0.341343906
2017-11-25,0.550720388
2017-11-26,0.325839769
2017-11-27,0.307031279
2017-11-28,0.290308817
2017-11-29,0.286154355
2017-11-30,0.277210715
2017-12-01,0.275126437
2017-12-02,0.263820836
2017-12-03,0.255602858
2017-12-04,0.270116377
2017-12-05,5.096690126
2017-12-06,10.26013409
2017-12-07,5.260497926
2017-12-08,0.921564238
2017-12-09,0.562880024
2017-12-10,0.448501447
2017-12-11,0.619816056
2017-12-12,0.377249455
2017-12-13,0.335363248
2017-12-14,0.289262625
2017-12-15,0.267900269
2017-12-16,0.403004158
2017-12-17,1.135352101
2017-12-18,1.803807304
2017-12-19,2.695127974
2017-12-20,0.537897433
2017-12-21,0.843768472
2017-12-22,0.690500285
2017-12-23,0.488053068
2017-12-24,1.63250603
2017-12-25,0.966979718
2017-12-26,0.826784639
2017-12-27,1.266784568
2017-12-28,1.005242901
2017-12-29,0.593627264
2017-12-30,0.546751448
2017-12-31,0.487763133
2018-01-03,0.377278671
2018-01-04,0.341742501
2018-01-05,0.462500717
2018-01-06,0.511645255
2018-01-07,0.336575847
2018-01-08,0.31146512
2018-01-09,0.573775272
2018-01-10,0.359004669
2018-01-11,9.196798726
2018-01-12,0.979574998
2018-01-13,1.016989789
2018-01-14,3.466037147
2018-01-15,1.165447222
2018-01-16,9.04044097
2018-01-17,2.209246392
2018-01-18,0.631942138
2018-01-19,0.522398288
2018-01-20,0.453610437
2018-01-21,0.397049631
2018-01-22,0.393354883
2018-01-23,0.423303299
2018-01-24,0.478203448
2018-01-25,7.914181302
2018-01-26,1.795824864
2018-01-27,20.18608419
2018-01-28,9.788422771
2018-01-29,28.07717026
2018-01-30,4.519299428
2018-01-31,0.77602917
2018-02-01,0.895646264
2018-02-02,1.740638172
2018-02-03,0.961721542
2018-02-04,0.646364106
2018-02-05,0.546129232
2018-02-06,0.46878534
2018-02-07,0.482128366
2018-02-08,0.71124491
2018-02-09,1.115821446
2018-02-10,0.77848123
2018-02-11,1.723231007
2018-02-12,2.265940502
2018-02-13,0.660570446
2018-02-14,0.556844878
2018-02-15,4.649376228
2018-02-16,2.650325792
2018-02-17,1.02682309
2018-02-18,0.716568398
2018-02-19,1.237606505
2018-02-20,13.0625587
2018-02-21,5.141568304
2018-02-22,1.600252693
2018-02-23,3.85978691
2018-02-24,4.937475247
2018-02-25,7.436858536
2018-02-26,1.217332736
2018-02-27,0.937457775
2018-02-28,1.032308113
2018-03-01,0.728915905
2018-03-02,0.623680935
2018-03-03,0.554238335
2018-03-04,0.501878682
2018-03-05,0.452995218
2018-03-06,0.399058266
2018-03-07,0.366998532
2018-03-08,0.330144626
2018-03-09,0.31489546
2018-03-10,0.287464513
2018-03-11,0.270385199
2018-03-12,0.271898782
2018-03-13,0.266214022
2018-03-14,0.254685255
2018-03-15,0.20510554
2018-03-16,0.18750031
2018-03-17,0.163667298
2018-03-18,0.094076243
2018-03-19,0.068297238
2018-03-20,0.099584073
2018-03-21,0.152836118
2018-03-22,0.162860854
2018-03-23,0.145145637
2018-03-24,0.516117223
2018-03-25,3.543228403
2018-03-26,0.221404269
2018-03-27,3.204371581
2018-03-28,0.614849853
2018-03-29,0.25876662
2018-03-30,0.170915203
2018-03-31,0.113486826
2018-04-01,0.092650431
2018-04-02,0.085372289
2018-04-03,0.098024696
2018-04-04,0.112682946
2018-04-05,0.090838163
2018-04-06,0.098071905
2018-04-07,0.104358815
2018-04-08,0.110379034
2018-04-09,0.15752728
2018-04-10,0.211731379
2018-04-11,0.915432146
2018-04-12,0.154763066
2018-04-13,0.174615207
2018-04-14,0.390114743
2018-04-15,1.670732953
2018-04-16,0.48627505
2018-04-17,1.312941068
2018-04-18,2.074424801
2018-04-19,4.471451046
2018-04-20,0.626732137
2018-04-21,8.654541406
2018-04-22,0.73125989
2018-04-23,0.764433638
2018-04-24,0.619539863
2018-04-25,0.445706241
2018-04-26,0.407673145
2018-04-27,0.383612775
2018-04-28,0.362887659
2018-04-29,0.344620013
2018-04-30,0.341730118
2018-05-01,0.478956996
2018-05-02,0.379537613
2018-05-03,2.646469709
2018-05-04,11.11351142
2018-05-05,12.77828471
2018-05-06,4.319195539
2018-05-07,1.369309207
2018-05-08,1.361466658
2018-05-09,6.912315642
2018-05-10,1.026351298
2018-05-11,0.639099882
2018-05-12,0.772771087
2018-05-13,0.552913662
2018-05-14,1.656043103
2018-05-15,1.823999315
2018-05-16,0.570557078
2018-05-17,1.25274478
2018-05-18,2.555915347
2018-05-19,2.240218623
2018-05-20,0.991584057
2018-05-21,1.305077422
2018-05-22,3.940368505
2018-05-23,1.321627878
2018-05-24,0.645131146
2018-05-25,1.071536701
2018-05-26,1.519842483
2018-05-27,0.579669473
2018-05-28,14.05933871
2018-05-29,0.949454153
2018-05-30,2.182859808
2018-05-31,0.723384091
2018-06-01,0.543745084
2018-06-02,0.459294471
2018-06-03,0.401220701
2018-06-04,0.354573848
2018-06-05,0.33274688
2018-06-06,0.31587583
2018-06-07,0.288065705
2018-06-08,0.28325973
2018-06-09,0.310226163
2018-06-10,0.75900094
2018-06-11,0.481653343
2018-06-12,0.847401086
2018-06-13,0.309309795
2018-06-14,0.242516377
2018-06-15,0.217179363
2018-06-16,0.202601611
2018-06-17,0.190632612
2018-06-18,0.193050142
2018-06-19,0.224777374
2018-06-20,0.189433697
2018-06-21,0.180358351
2018-06-22,0.209193909
2018-06-23,14.65994014
2018-06-24,4.041180857
2018-06-25,0.92956043
2018-06-26,0.420688578
2018-06-27,0.34812598
2018-06-28,0.436593067
2018-06-29,0.318846075
2018-06-30,0.264686606
2018-07-01,0.240347315
2018-07-02,0.228271537
2018-07-03,0.214931989
2018-07-04,0.210983131
2018-07-05,0.205465622
2018-07-06,0.190277805
2018-07-07,0.177249869
2018-07-08,0.175028621
2018-07-09,9.169778394
2018-07-10,1.404851426
2018-07-11,0.314239192
2018-07-12,0.265092922
2018-07-13,0.239361724
2018-07-14,0.224076451
2018-07-15,0.235292726
2018-07-16,0.706290484
2018-07-17,0.456928461
2018-07-18,0.264941028
2018-07-19,0.958489825
2018-07-20,0.367132603
2018-07-21,0.249241578
2018-07-22,0.222682307
2018-07-23,0.221596423
2018-07-24,0.2881859
2018-07-25,0.299529527
2018-07-26,0.576504599
2018-07-27,0.259729829
2018-07-28,0.219322137
2018-07-29,0.200024123
2018-07-30,0.189690887
2018-07-31,0.171435724
2018-08-01,0.258865735
2018-08-02,0.315139115
2018-08-03,0.080421562
2018-08-04,0.063911498
2018-08-05,3.518971916
2018-08-06,1.10719957
2018-08-07,0.096943896
2018-08-08,0.076701639
2018-08-09,0.071606528
2018-08-10,0.066109067
2018-08-11,0.064206418
2018-08-12,0.069542621
2018-08-13,0.079852152
2018-08-14,0.131748646
2018-08-15,0.095639484
2018-08-16,3.216493563
2018-08-17,4.895605904
2018-08-18,0.481325887
2018-08-19,0.166572879
2018-08-20,0.126314485
2018-08-21,0.513833217
2018-08-22,0.194579957
2018-08-23,0.896209838
2018-08-24,1.956428555
2018-08-25,0.256211541
2018-08-26,2.458167717
2018-08-27,0.25922067
2018-08-28,7.454570263
2018-08-29,16.83691676
2018-08-30,5.317393809
2018-08-31,1.834755944
2018-09-01,0.706319694
2018-09-02,0.462856004
2018-09-03,0.708722796
2018-09-04,2.685558101
2018-09-05,0.834124365
2018-09-06,0.429298985
2018-09-07,0.289930989
2018-09-08,0.225395483
2018-09-09,0.188247925
2018-09-10,0.166623681
2018-09-11,0.156040422
2018-09-12,0.148683577
2018-09-13,0.170221382
2018-09-14,1.5450864
2018-09-15,0.866232022
2018-09-16,0.231857799
2018-09-17,0.165579716
2018-09-18,0.151670361
2018-09-19,0.145908626
2018-09-20,0.176772768
2018-09-21,0.134074013
2018-09-22,0.133598385
2018-09-23,0.122064187
2018-09-24,0.135675755
2018-09-25,12.48447309
2018-09-26,0.866724521
2018-09-27,0.298814691
2018-09-28,3.981172775
2018-09-29,13.23798989
2018-09-30,0.850382274
2018-10-01,0.265079267
2018-10-02,0.185603689
2018-10-03,0.160822333
2018-10-04,0.138467831
2018-10-05,5.282309007
2018-10-06,2.401155062
2018-10-07,0.587119535
2018-10-08,0.427056215
2018-10-09,4.774909348
2018-10-10,1.818221573
2018-10-11,0.386249734
2018-10-12,0.546727545
2018-10-13,0.409095042
2018-10-14,0.317141422
2018-10-15,5.848084046
2018-10-16,0.815945234
2018-10-17,0.908091618
2018-10-18,0.602740434
2018-10-19,0.405846939
2018-10-20,0.455193592
2018-10-21,0.300791129
2018-10-22,3.421403125
2018-10-23,3.15026247
2018-10-24,0.46421993
2018-10-25,0.278960956
2018-10-26,0.112688318
2018-10-27,0.051230169
2018-10-28,0.069839907
2018-10-29,0.220545678
2018-10-30,0.234369635
2018-10-31,0.230179939
2018-11-01,0.231581516
2018-11-02,0.473783835
2018-11-03,0.89331955
2018-11-04,187.491099
2018-11-05,18.48008463
2018-11-06,1.130993941
2018-11-07,0.950242276
2018-11-08,2.247378927
2018-11-09,0.485190993
2018-11-10,0.448713521
2018-11-11,2.679879036
2018-11-12,1.152856468
2018-11-13,5.767050894
2018-11-14,9.555833278
2018-11-15,1.888436565
2018-11-16,4.158283357
2018-11-17,1.761804244
2018-11-18,0.619311031
2018-11-19,0.477972729
2018-11-20,0.420694974
2018-11-21,0.427435283
2018-11-22,0.338291762
2018-11-23,0.310928118
2018-11-24,0.289454364
2018-11-25,0.266428735
2018-11-26,0.245238038
2018-11-27,0.228812361
2018-11-28,0.217987665
2018-11-29,0.20555248
2018-11-30,0.213060724
2018-12-01,0.192000405
2018-12-02,0.18352772
2018-12-03,0.252150366
2018-12-04,0.194143319
2018-12-05,0.186725918
2018-12-06,0.166805126
2018-12-07,0.193461878
2018-12-08,0.510861557
2018-12-09,0.189721538
2018-12-10,0.155728347
2018-12-11,0.155855817
2018-12-12,0.149227168
2018-12-13,0.141018896
2018-12-14,0.187302096
2018-12-15,0.163290493
2018-12-16,0.144801219
2018-12-17,0.133235477
2018-12-18,0.133867954
2018-12-19,0.162188627
2018-12-20,0.157394384
2018-12-21,0.131826043
2018-12-22,0.189426505
2018-12-23,0.201520077
2018-12-24,0.197824432
2018-12-25,0.182555665
2018-12-26,0.160550039
2018-12-27,0.370148551
2018-12-28,7.215392809
2018-12-29,3.332903624
2018-12-30,0.600281643
2018-12-31,0.224997098
2019-01-01,0.219866485
2019-01-02,0.188031469
2019-01-03,0.223803675
2019-01-04,0.167249484
2019-01-05,0.168996836
2019-01-06,0.153663726
2019-01-07,0.148217231
2019-01-08,0.146358455
2019-01-09,0.176564346
2019-01-10,0.15078215
2019-01-11,0.131798316
2019-01-12,0.133931703
2019-01-13,0.167552226
2019-01-14,0.12545831
2019-01-15,0.120880097
2019-01-16,0.131078522
2019-01-17,7.431015094
2019-01-18,0.391958331
2019-01-19,0.199445644
2019-01-20,0.176195974
2019-01-21,0.18141717
2019-01-22,0.242018803
2019-01-23,0.423324862
2019-01-24,0.767944177
2019-01-25,1.042500337
2019-01-26,0.304324972
2019-01-27,0.205487307
2019-01-28,0.188827007
2019-01-29,0.179545687
2019-01-30,0.1702429
2019-01-31,0.199991842
2019-02-01,0.121884107
2019-02-02,0.112203913
2019-02-03,0.104575707
2019-02-04,0.107448873
2019-02-05,0.096924113
2019-02-06,0.094483316
2019-02-07,0.094032713
2019-02-08,0.10431658
2019-02-09,1.171330967
2019-02-10,0.81166835
2019-02-11,0.293030638
2019-02-12,0.265737146
2019-02-13,0.137270911
2019-02-14,0.250262726
2019-02-15,0.144395906
2019-02-16,0.125704164
2019-02-17,0.116275759
2019-02-18,0.110500359
2019-02-19,0.106060117
2019-02-20,0.176238151
2019-02-21,0.129891695
2019-02-22,0.106409934
2019-02-23,0.098619557
2019-02-24,0.097578535
2019-02-25,0.105484423
2019-02-26,0.181081264
2019-02-27,1.957248892
2019-02-28,0.235128654
2019-03-01,0.161370591
2019-03-02,0.11935772
2019-03-03,0.109638468
2019-03-04,0.37457375
2019-03-05,0.148028813
2019-03-06,0.112229102
2019-03-07,0.100836202
2019-03-08,0.096079566
2019-03-09,0.142471386
2019-03-10,0.596534326
2019-03-11,0.577500969
2019-03-12,0.146282485
2019-03-13,0.11616217
2019-03-14,0.113233839
2019-03-15,0.102333314
2019-03-16,0.100651394
2019-03-17,0.095282022
2019-03-18,0.092551492
2019-03-19,0.090206452
2019-03-20,0.089637378
2019-03-21,0.088179187
2019-03-22,0.104095206
2019-03-23,0.160487302
2019-03-24,0.235509891
2019-03-25,0.394983809
2019-03-26,0.105413511
2019-03-27,0.08952218
2019-03-28,0.084572635
2019-03-29,0.083271578
2019-03-30,0.082278986
2019-03-31,0.079543859
2019-04-01,0.077068685
2019-04-02,0.083707279
2019-04-03,0.078263995
2019-04-04,0.119147779
2019-04-05,0.082405648
2019-04-06,0.089137376
2019-04-07,0.078981281
2019-04-08,0.074410771
2019-04-09,0.074511811
2019-04-10,0.075405515
2019-04-11,0.076787561
2019-04-12,0.079039218
2019-04-13,0.074131903
2019-04-14,0.094281741
2019-04-15,0.072108369
2019-04-16,0.094920519
2019-04-17,0.099263176
2019-04-18,0.075798879
2019-04-19,0.069588999
2019-04-20,0.084191841
2019-04-21,0.191403775
2019-04-22,0.206880118
2019-04-23,0.082261583
2019-04-24,0.072746084
2019-04-25,0.069590129
2019-04-26,0.069530178
2019-04-27,0.068201161
2019-04-28,8.407074821
2019-04-29,2.569922677
2019-04-30,0.132231843
2019-05-01,21.47576071
2019-05-02,3.81523867
2019-05-03,0.215248332
2019-05-04,0.157079113
2019-05-05,0.142096912
2019-05-06,0.355838981
2019-05-07,0.189578421
2019-05-08,0.141371736
2019-05-09,0.127416261
2019-05-10,0.14320687
2019-05-11,0.129943666
2019-05-12,0.141918502
2019-05-13,0.118847344
2019-05-14,0.108298418
2019-05-15,0.104446938
2019-05-16,0.103031021
2019-05-17,0.101017141
2019-05-18,0.097866098
2019-05-19,0.094030481
2019-05-20,18.77751515
2019-05-21,0.301516135
2019-05-22,0.14758285
2019-05-23,0.132778775
2019-05-24,0.345208667
2019-05-25,0.184088846
2019-05-26,0.125738269
2019-05-27,0.213772435
2019-05-28,0.67111669
2019-05-29,11.04030997
2019-05-30,0.967958434
2019-05-31,0.222361347
2019-06-01,0.167377813
2019-06-02,0.235734559
2019-06-03,0.180287083
2019-06-04,0.142730479
2019-06-05,0.136487485
2019-06-06,0.12890679
2019-06-07,0.12138609
2019-06-08,6.310534458
2019-06-09,0.252484225
2019-06-10,0.153411178
2019-06-11,0.132147751
2019-06-12,0.130529772
2019-06-13,0.133117322
2019-06-14,0.138154524
2019-06-15,0.392035443
2019-06-16,0.151436732
2019-06-17,0.128862634
2019-06-18,0.115434767
2019-06-19,0.107391288
2019-06-20,0.111705756
2019-06-21,0.104867908
2019-06-22,0.100015893
2019-06-23,0.093872682
2019-06-24,0.103989558
2019-06-25,0.120521618
2019-06-26,0.093291016
2019-06-27,0.092682339
2019-06-28,0.094235669
2019-06-29,0.090345223
2019-06-30,0.087584883
2019-07-01,0.082407601
2019-07-02,0.079480306
2019-07-03,0.079692812
2019-07-04,0.080460406
2019-07-05,0.254054227
2019-07-06,0.113568197
2019-07-07,0.090817129
2019-07-08,0.09934517
2019-07-09,0.221702649
2019-07-10,0.090312943
2019-07-11,0.095873276
2019-07-12,0.106154826
2019-07-13,0.099719228
2019-07-14,0.201603329
2019-07-15,0.301431539
2019-07-16,0.165165708
2019-07-17,0.734402423
2019-07-18,0.159826756
2019-07-19,0.235764623
2019-07-20,152.3473845
2019-07-21,0.252563138
2019-07-22,0.151647637
2019-07-23,0.176108473
2019-07-24,0.126591848
2019-07-25,0.167748109
2019-07-26,0.295483552
2019-07-27,0.122201509
2019-07-28,0.116317152
2019-07-29,1.004522627
2019-07-30,582.4752876
2019-07-31,79.35932465
2019-08-01,1.717966219
2019-08-02,4.183940636
2019-08-03,0.994974937
2019-08-04,0.872644175
2019-08-05,0.575871821
2019-08-06,2.611868085
2019-08-07,1.709475449
2019-08-08,0.780731978
2019-08-09,0.573140445
2019-08-10,0.335895976
2019-08-11,0.29842527
2019-08-12,0.535508672
2019-08-13,0.368184734
2019-08-14,0.279766793
2019-08-15,0.268866916
2019-08-16,0.242161845
2019-08-17,0.448609476
2019-08-18,0.806274889
2019-08-19,3.793708727
2019-08-20,0.574987664
2019-08-21,0.535047762
2019-08-22,0.695942667
2019-08-23,0.827187254
2019-08-24,1.867148583
2019-08-25,0.36230073
2019-08-26,0.292539131
2019-08-27,0.269268665
2019-08-28,0.35931121
2019-08-29,2.482854763
2019-08-30,0.457563971
2019-08-31,0.289846292
2019-09-01,0.252817108
2019-09-02,0.234606139
2019-09-03,0.225532878
2019-09-04,0.212320038
2019-09-05,0.209962082
2019-09-06,1.001017543
2019-09-07,112.5023898
2019-09-08,8.11915335
2019-09-09,0.802038953
2019-09-10,0.524399201
2019-09-11,0.458213359
2019-09-12,0.412500353
2019-09-13,0.382192364
2019-09-14,0.373848043
2019-09-15,3.618553025
2019-09-16,0.92400754
2019-09-17,0.604346793
2019-09-18,0.49156025
2019-09-19,0.563898074
2019-09-20,0.380859338
2019-09-21,0.336958361
2019-09-22,0.935742577
2019-09-23,0.359032535
2019-09-24,1.980657755
2019-09-25,2.170160541
2019-09-26,0.430129295
2019-09-27,0.359032252
2019-09-28,0.333492861
2019-09-29,1.508174729
2019-09-30,0.458211589
2019-10-01,0.376665389
2019-10-02,0.3176779
2019-10-03,0.302020333
2019-10-04,0.295082604
2019-10-05,0.282910209
2019-10-06,0.267036032
2019-10-07,0.265376904
2019-10-08,0.314218583
2019-10-09,0.256915536
2019-10-10,0.247709158
2019-10-11,0.406795192
2019-10-12,0.267206512
2019-10-13,0.231416427
2019-10-14,0.153618201
2019-10-15,0.457007371
2019-10-16,1.251701571
2019-10-17,0.320706473
2019-10-18,0.320941718
2019-10-19,0.332629995
2019-10-20,0.302840018
2019-10-21,1.013537957
2019-10-22,2.116084305
2019-10-23,21.10464923
2019-10-24,1.117834053
2019-10-25,1.778108483
2019-10-26,0.602499278
2019-10-27,0.451888583
2019-10-28,0.481413378
2019-10-29,2.918631742
2019-10-30,0.470336771
2019-10-31,0.457814378
2019-11-01,0.511293851
2019-11-02,0.458806503
2019-11-03,0.348893569
2019-11-04,0.483671263
2019-11-05,1.091303627
2019-11-06,0.500683289
2019-11-07,0.419362847
2019-11-08,0.354914045
2019-11-09,2.267277997
2019-11-10,0.57248053
2019-11-11,0.367123388
2019-11-12,0.334937556
2019-11-13,0.305823121
2019-11-14,0.292354495
2019-11-15,0.346873461
2019-11-16,0.45679117
2019-11-17,0.312246429
2019-11-18,0.2888731
2019-11-19,0.287534042
2019-11-20,0.265475355
2019-11-21,2.606827725
2019-11-22,7.239863635
2019-11-23,0.47746902
2019-11-24,0.454398138
2019-11-25,0.335445119
2019-11-26,0.31043562
2019-11-27,0.292440078
2019-11-28,0.331869234
2019-11-29,0.305756555
2019-11-30,13.16191109
2019-12-01,3.700840811
2019-12-02,0.582506257
2019-12-03,0.452286446
2019-12-04,0.377803845
2019-12-05,0.349197023
2019-12-06,0.334017851
2019-12-07,0.317512941
2019-12-08,0.313421279
2019-12-09,0.482482414
2019-12-10,0.416539113
2019-12-11,1.033318467
2019-12-12,1.10111976
2019-12-13,1.398229586
2019-12-14,1.610363209
2019-12-15,3.843150684
2019-12-16,4.279474129
2019-12-17,4.698944611
2019-12-18,3.349720339
2019-12-19,0.863688618
2019-12-20,0.642738246
2019-12-21,0.521266158
2019-12-22,0.574770049
2019-12-23,0.578328808
2019-12-24,0.41257373
2019-12-25,0.374601627
2019-12-26,3.052130791
2019-12-27,0.739767833
2019-12-28,0.430347712
2019-12-29,0.387050275
2019-12-30,1.245525521
2019-12-31,0.99134154
2020-01-01,0.521804799
2020-01-02,4.235543017
2020-01-03,10.81032469
2020-01-04,1.112396724
2020-01-05,0.718633208
2020-01-06,1.216613529
2020-01-07,0.660035608
2020-01-08,0.557342279
2020-01-09,2.407440774
2020-01-10,2.157020416
2020-01-11,0.889885412
2020-01-12,3.208424078
2020-01-13,5.988468586
2020-01-14,3.105993035
2020-01-15,3.050981538
2020-01-16,1.395808677
2020-01-17,1.103376951
2020-01-18,0.793269137
2020-01-19,2.823523126
2020-01-20,14.30500886
2020-01-21,1.489590881
2020-01-22,1.004475224
2020-01-23,0.932581164
2020-01-24,11.68735776
2020-01-25,1.970731329
2020-01-26,0.998896485
2020-01-27,1.654613524
2020-01-28,1.346337665
2020-01-29,0.764056083
2020-01-30,0.646402646
2020-01-31,0.570640954
2020-02-01,0.532091281
2020-02-02,0.526084843
2020-02-03,0.470399556
2020-02-04,0.45292477
2020-02-05,0.425627296
2020-02-06,0.405897047
2020-02-07,0.466034227
2020-02-08,0.395317732
2020-02-09,0.37779224
2020-02-10,0.355964058
2020-02-11,0.473781783
2020-02-12,0.380977051
2020-02-13,0.669458534
2020-02-14,0.443968734
2020-02-15,0.602391462
2020-02-16,0.501035031
2020-02-17,2.516338005
2020-02-18,0.725015211
2020-02-19,0.716836125
2020-02-20,0.44701484
2020-02-21,0.538513264
2020-02-22,0.346925524
2020-02-23,0.319902893
2020-02-24,0.354438471
2020-02-25,14.21140449
2020-02-26,26.69454052
2020-02-27,3.80262626
2020-02-28,0.992092165
2020-02-29,0.649485967
2020-03-01,0.546577382
2020-03-02,0.50200907
2020-03-03,0.995446585
2020-03-04,0.677874711
2020-03-05,0.449961001
2020-03-06,0.414238194
2020-03-07,0.401740605
2020-03-08,0.385133407
2020-03-09,0.388147197
2020-03-10,22.23755806
2020-03-11,186.2037041
2020-03-12,2.829162016
2020-03-13,1.037797557
2020-03-14,0.799351147
2020-03-15,0.743973718
2020-03-16,0.717408863
2020-03-17,0.603248926
2020-03-18,0.734030543
2020-03-19,17.45469209
2020-03-20,2.73707798
2020-03-21,73.90527393
2020-03-22,4.538956783
2020-03-23,40.82987943
2020-03-24,83.33976229
2020-03-25,2.16115817
2020-03-26,1.446566344
2020-03-27,1.01648311
2020-03-28,1.281015666
2020-03-29,2.078090709
2020-03-30,1.18903219
2020-03-31,0.758289332
2020-04-01,0.689309955
2020-04-02,0.639962211
2020-04-03,0.614478288
2020-04-04,0.56202833
2020-04-05,0.548753639
2020-04-06,0.522451384
2020-04-07,0.508855472
2020-04-08,0.540320523
2020-04-09,1.054480002
2020-04-10,0.510803492
2020-04-11,0.461155437
2020-04-12,0.45759726
2020-04-13,0.429037977
2020-04-14,0.429166966
2020-04-15,0.411225808
2020-04-16,0.422917122
2020-04-17,0.392064529
2020-05-21,0.223735414
2020-05-22,0.223677419
2020-05-23,0.213006362
2020-05-24,0.20738341
2020-05-25,0.214552898
2020-05-26,0.203553193
2020-05-27,0.218139273
2020-05-28,0.630506741
2020-05-29,0.247657307
2020-05-30,0.228606879
2020-05-31,0.232144789
2020-06-01,0.236474008
2020-06-02,0.232416709
2020-06-03,0.25658756
2020-06-04,0.236690367
